Nodes,X,Y,PacketSize,Rate,PacketsSent,PacketsReceived,PacketLoss,PacketDeliveryRatio,AvgDelay,Throughput,AvgJitter,Congestion
27,574,453,789,10,3536395,1926730,1609665,54.48,1.6e-05,78919115.71,4.7e-05,1
22,546,464,794,7,2154334,1162595,991739,53.97,2.8e-05,47620034.94,7.7e-05,1
30,480,482,793,8,3273907,1792000,1481907,54.74,2.5e-05,73400339.08,5e-05,1
42,536,534,655,9,5433390,3433246,2000144,63.19,3.2e-05,140625846.0,2.6e-05,1
49,518,519,804,8,4748775,2936293,1812482,61.83,5.4e-05,120270819.86,3.1e-05,1
39,495,569,667,4,2291674,1450096,841578,63.28,7.2e-05,59396128.76,6.2e-05,0
30,452,585,766,5,1963223,1209022,754201,61.58,5.1e-05,49521783.88,7.4e-05,0
23,587,568,852,3,830807,498546,332261,60.01,8.2e-05,20420505.17,0.000181,0
10,573,461,645,6,1045673,587866,457807,56.22,4e-05,24079019.05,0.000153,0
44,431,468,878,2,1046446,793932,252514,75.87,0.000218,32519678.64,0.000113,0
47,451,513,1018,7,5578886,3275303,2303583,58.71,4e-05,152940237.16,2.4e-05,1
55,406,407,900,5,2986468,2169442,817026,72.64,0.000155,88860399.67,4.1e-05,0
18,496,424,648,8,2529370,1317518,1211852,52.09,1.7e-05,53965834.63,6.8e-05,1
24,453,408,781,7,2406035,1294913,1111122,53.82,3.3e-05,53039749.3,7e-05,1
44,572,408,968,9,4046249,2527599,1518650,62.47,5.9e-05,103530524.87,3.6e-05,1
24,438,463,774,3,1051894,602764,449130,57.3,8.3e-05,24689539.1,0.000149,0
38,442,435,712,9,4906221,2862737,2043484,58.35,3.3e-05,117257719.9,3.1e-05,1
45,428,454,853,1,579200,512980,66220,88.57,0.000381,21011752.69,0.000175,0
35,449,492,704,1,565936,414261,151675,73.2,0.000317,16968234.91,0.000217,0
22,495,529,761,7,2163841,1215123,948718,56.16,2.9e-05,49771538.26,7.4e-05,0
37,413,431,995,8,2950023,1820045,1129978,61.7,7.1e-05,74549218.39,4.9e-05,0
37,518,521,888,9,3731267,2212935,1518332,59.31,4.4e-05,90641988.31,4.1e-05,1
43,522,473,549,4,3265572,1880563,1385009,57.59,5e-05,77028021.47,4.8e-05,1
22,562,505,864,2,558634,353913,204721,63.35,0.000157,14496606.86,0.000254,0
12,559,573,532,3,763167,457099,306068,59.9,8e-05,18722996.03,0.000197,0
55,513,416,642,3,2579473,1794281,785192,69.56,0.000142,73493848.98,5e-05,0
29,510,530,659,7,3214480,1762517,1451963,54.83,2.3e-05,72192809.46,5.1e-05,1
51,449,551,645,4,3112949,2084995,1027954,66.98,0.000108,85401860.64,4.3e-05,0
12,456,404,547,6,1511411,814774,696637,53.91,3.2e-05,33373223.69,0.00011,1
37,498,447,832,2,961938,637954,323984,66.32,0.00018,26130684.41,0.000141,0
45,474,472,1013,3,2665413,1753410,912003,65.78,0.000117,71821364.04,5.1e-05,0
13,551,485,542,3,804601,448127,356474,55.7,8e-05,18355376.21,0.000201,1
45,522,589,787,7,3801203,2487490,1313713,65.44,7.4e-05,101887860.29,3.6e-05,0
49,457,591,877,2,1155891,878978,276913,76.04,0.000219,36003743.56,0.000102,0
43,477,511,744,4,2485431,1417997,1067434,57.05,6.6e-05,58081895.34,6.3e-05,0
23,494,432,663,9,3234671,1762960,1471711,54.5,1.9e-05,72211030.83,5.1e-05,1
13,425,488,595,5,1179313,638060,541253,54.1,4.4e-05,26135133.87,0.000141,1
49,586,588,684,3,2035249,1526550,508699,75.01,0.000148,62527592.42,5.9e-05,0
15,438,516,993,1,192217,127458,64759,66.31,0.000645,5220804.93,0.000706,0
11,546,494,663,3,558786,318297,240489,56.96,0.00011,13037458.91,0.000283,0
28,421,530,899,5,1643428,945949,697479,57.56,4.1e-05,38746352.11,9.5e-05,0
38,525,562,578,9,5591683,3280412,2311271,58.67,2.8e-05,142630230.17,2.6e-05,1
36,599,504,999,9,3288351,2029171,1259180,61.71,6.7e-05,83115082.7,4.4e-05,0
45,578,510,660,3,2065074,1381770,683304,66.91,0.000127,56597513.94,6.5e-05,0
33,525,487,739,7,3203669,1822828,1380841,56.9,3.6e-05,74663096.23,4.9e-05,1
16,597,417,546,8,2657710,1393486,1264224,52.43,1.7e-05,57077223.66,6.5e-05,1
48,593,429,602,10,5266926,3619213,1647713,68.72,4.9e-05,192728916.18,1.8e-05,1
25,463,505,979,10,2651249,1454744,1196505,54.87,2.6e-05,59586381.81,6.2e-05,1
35,531,551,806,7,3090402,1769769,1320633,57.27,3.4e-05,72489860.04,5.1e-05,0
13,516,524,818,2,290131,220239,69892,75.91,0.000211,9021020.38,0.000409,0
29,548,596,526,8,4195615,2502200,1693415,59.64,1.8e-05,102490443.04,3.6e-05,1
30,554,510,967,3,1023146,613201,409945,59.93,0.000104,25117197.64,0.000147,0
42,520,437,641,4,2773366,1641621,1131745,59.19,6.3e-05,67241475.97,5.5e-05,0
12,528,497,754,5,866816,506972,359844,58.49,5.2e-05,20765598.5,0.000178,0
30,572,477,908,8,2761755,1571608,1190147,56.91,2.8e-05,64373598.62,5.7e-05,0
11,527,401,711,9,1461856,772391,689465,52.84,2.5e-05,31637140.11,0.000117,1
29,413,591,827,4,1395935,862652,533283,61.8,7.2e-05,35334534.39,0.000104,0
13,527,449,977,6,862730,463351,399379,53.71,4.8e-05,18978864.11,0.000194,1
50,460,548,802,8,4885249,3094391,1790858,63.34,6.1e-05,126746682.5,2.9e-05,1
11,513,556,696,10,1497131,869524,627607,58.08,2.2e-05,35615878.77,0.000104,0
50,436,502,755,5,3389515,2116100,1273415,62.43,7.8e-05,86675760.23,4.3e-05,0
22,508,452,785,6,1774016,1020531,753485,57.53,3.5e-05,41801053.57,8.8e-05,0
54,545,423,749,3,2172572,1818466,354106,83.7,0.000235,74484467.91,4.9e-05,0
10,520,514,950,7,863423,463571,399852,53.69,4.4e-05,18988015.32,0.000194,1
38,498,546,774,1,549922,416144,133778,75.67,0.000314,17045292.44,0.000216,0
33,520,419,857,3,1200626,731786,468840,60.95,9.4e-05,29974299.25,0.000123,0
52,587,509,562,7,5284106,3613505,1670601,68.38,6.8e-05,164802946.69,2.2e-05,1
17,494,475,966,7,1244110,704565,539545,56.63,3.3e-05,28859210.68,0.000128,0
56,543,587,771,10,5262070,3624742,1637328,68.88,5.8e-05,179851767.17,2e-05,1
48,477,456,876,10,5562139,3254497,2307642,58.51,4e-05,134503807.53,2.7e-05,1
34,410,542,788,2,959743,613442,346301,63.92,0.000157,25126707.6,0.000147,0
29,545,519,796,9,3309775,1868218,1441557,56.45,2.2e-05,76522456.79,4.8e-05,1
17,431,427,719,1,292024,190966,101058,65.39,0.000429,7822294.57,0.000471,0
19,468,528,604,8,2671583,1412844,1258739,52.88,1.7e-05,57870293.36,6.4e-05,1
46,421,401,602,4,3168283,2022592,1145691,63.84,9.9e-05,82845483.59,4.4e-05,0
54,596,544,1006,7,5304787,3601717,1703070,67.9,6.1e-05,185585962.37,1.9e-05,1
18,568,454,567,7,2395358,1326786,1068572,55.39,2.1e-05,54345454.0,6.8e-05,1
13,518,458,828,9,1262344,789627,472717,62.55,2.6e-05,32343258.73,0.000114,0
58,570,460,685,3,2514118,1995798,518320,79.38,0.000194,81747974.64,4.5e-05,0
44,495,436,882,4,2079621,1361164,718457,65.45,0.000121,55753664.93,6.6e-05,0
47,560,525,526,2,1768808,1264952,503856,71.51,0.000149,51812518.48,7.1e-05,0
18,439,504,542,5,1877799,1013075,864724,53.95,3.1e-05,41495645.2,8.9e-05,1
39,508,402,581,9,5642160,3179295,2462865,56.35,3.1e-05,141848708.56,2.6e-05,1
20,572,517,907,5,1233654,683316,550338,55.39,4.9e-05,27988876.55,0.000132,1
54,474,495,794,9,5411191,3428418,1982773,63.36,7.5e-05,157122912.52,2.3e-05,1
53,528,516,982,1,578867,690607,-111740,119.3,0.000448,28287726.36,0.00013,0
14,483,546,832,5,923607,527879,395728,57.15,4.8e-05,21621968.25,0.00017,0
16,411,462,647,10,2764957,1460777,1304180,52.83,1.6e-05,59833548.34,6.2e-05,1
36,446,596,657,9,5141794,2887832,2253962,56.16,2e-05,118285976.05,3.1e-05,1
22,570,541,957,4,1058742,570804,487938,53.91,5.5e-05,23380212.86,0.000158,1
59,515,544,521,1,1179063,1175647,3416,99.71,0.000337,48154670.14,7.7e-05,0
55,577,523,961,10,5413695,3439416,1974279,63.53,6.8e-05,143803300.44,2.6e-05,1
49,486,503,524,1,1011231,864079,147152,85.45,0.000308,35393116.52,0.000104,0
15,423,485,653,9,2193239,1153369,1039870,52.59,2e-05,47242146.62,7.8e-05,1
57,417,492,959,7,3878510,2897055,981455,74.7,0.000144,118664368.39,3.1e-05,0
20,529,564,918,5,1179484,669058,510426,56.72,4.3e-05,27404814.04,0.000135,0
27,551,558,666,1,469829,296620,173209,63.13,0.000291,12149990.81,0.000303,0
25,443,561,802,10,3254226,1749327,1504899,53.76,1.4e-05,71652560.46,5.1e-05,1
46,438,467,773,8,4880069,2893810,1986259,59.3,4.7e-05,118530586.08,3.1e-05,1
22,405,476,670,9,3222719,1743340,1479379,54.1,1.9e-05,71407359.93,5.2e-05,1
14,522,529,807,9,1662176,936278,725898,56.33,2.2e-05,38350125.46,9.6e-05,0
15,591,517,523,2,661576,377561,284015,57.07,0.000123,15464905.21,0.000238,0
20,487,404,749,10,3012471,1569610,1442861,52.1,1.6e-05,64291260.15,5.7e-05,1
13,467,580,762,7,1266211,679707,586504,53.68,3.4e-05,27840902.49,0.000132,1
47,596,434,767,3,1828737,1271268,557469,69.52,0.00014,52071771.34,7.1e-05,0
54,526,505,546,6,5497157,3345847,2151310,60.87,6.5e-05,150873444.29,2.4e-05,1
48,463,457,611,5,4049231,2406028,1643203,59.42,4.9e-05,98551068.31,3.7e-05,1
34,531,550,570,10,5610927,3220372,2390555,57.39,1.6e-05,141128737.19,2.6e-05,1
49,411,416,931,9,4504735,3066698,1438037,68.08,0.000104,125611979.11,2.9e-05,1
37,584,415,737,5,2481332,1539625,941707,62.05,6.7e-05,63063716.42,5.8e-05,0
50,459,599,934,5,2543707,1954201,589506,76.82,0.000155,80045057.03,4.6e-05,0
53,570,508,832,5,2871424,2176964,694460,75.81,0.000124,89168628.59,4.1e-05,0
30,535,527,740,9,3871506,2148046,1723460,55.48,2.2e-05,87984080.47,4.2e-05,1
56,529,543,925,2,1186254,1089249,97005,91.82,0.000271,44615943.64,8.3e-05,0
53,580,476,854,8,4520826,3199127,1321699,70.76,9.4e-05,131036675.65,2.8e-05,1
24,552,454,866,5,1515639,849810,665829,56.07,4.4e-05,34808314.48,0.000106,1
24,493,562,993,6,1610639,878343,732296,54.53,3.7e-05,35977316.04,0.000102,1
55,446,469,770,8,5329340,3536311,1793029,66.36,8.5e-05,147826263.86,2.5e-05,1
12,484,504,896,8,1231982,653839,578143,53.07,3e-05,26781262.11,0.000138,1
58,434,470,1005,2,2390759,1760013,630746,73.62,0.000188,72090287.47,5.1e-05,0
55,426,477,933,2,1213134,1077733,135401,88.84,0.000294,44144026.12,8.4e-05,0
23,511,500,799,1,338035,222705,115330,65.88,0.00039,9122052.9,0.000404,0
40,451,499,841,3,1540285,976487,563798,63.4,0.000126,39997612.14,9.2e-05,0
32,450,571,541,7,4286973,2453103,1833870,57.22,2.5e-05,100479552.62,3.7e-05,1
52,594,502,1023,4,4042731,2592212,1450519,64.12,8.1e-05,106177563.08,3.5e-05,1
21,419,473,877,10,2553136,1348981,1204155,52.84,2.1e-05,55254333.7,6.7e-05,1
32,590,512,713,1,522740,353545,169195,67.63,0.000292,14481474.56,0.000255,0
14,596,596,891,5,799794,494737,305057,61.86,5.2e-05,20264512.91,0.000182,0
43,513,599,542,5,4009063,2388017,1621046,59.57,5e-05,97813181.76,3.8e-05,1
53,432,563,621,1,922955,797480,125475,86.41,0.00032,32664814.58,0.000113,0
31,473,505,807,10,3907224,2185262,1721962,55.93,2.2e-05,89508427.29,4.1e-05,1
25,571,468,662,2,806804,491301,315503,60.89,0.00012,20124171.74,0.000183,0
46,446,580,619,3,2277272,1487461,789811,65.32,0.000104,60926433.44,6.1e-05,0
27,559,460,844,5,1684021,936600,747421,55.62,4e-05,38363602.73,9.6e-05,1
27,454,431,760,3,1166793,653517,513276,56.01,7.1e-05,26768535.03,0.000138,1
27,540,483,645,2,887584,534097,353487,60.17,0.000105,21876747.9,0.000169,0
19,482,514,1011,7,2782292,1457851,1324441,52.4,1.7e-05,59713682.82,6.2e-05,1
39,581,516,712,5,2687835,1627605,1060230,60.55,4.5e-05,66666797.22,5.5e-05,0
41,478,591,776,5,2569248,1612420,956828,62.76,6.3e-05,66044799.68,5.6e-05,0
36,469,430,520,5,3780829,2070043,1710786,54.75,3e-05,84788994.35,4.3e-05,1
28,497,438,633,3,1431169,843636,587533,58.95,6.7e-05,34555445.85,0.000107,0
18,462,422,548,4,1519346,816216,703130,53.72,4.1e-05,33432487.86,0.00011,1
15,589,475,581,1,324291,208741,115550,64.37,0.000376,8550095.57,0.000431,0
51,584,589,539,5,4267487,2959263,1308224,69.34,7.3e-05,121212029.12,3e-05,0
29,478,536,682,10,4251930,2407532,1844398,56.62,1.9e-05,98612517.03,3.7e-05,1
22,418,433,617,5,1979444,1092785,886659,55.21,4e-05,44760500.74,8.2e-05,1
35,446,578,693,3,1507604,971182,536422,64.42,9.6e-05,39779824.36,9.3e-05,0
22,495,544,583,1,455309,291231,164078,63.96,0.000281,11929231.05,0.000309,0
11,429,507,603,1,239317,162901,76416,68.07,0.000479,6672562.19,0.000552,0
15,450,587,812,8,1463214,833498,629716,56.96,2.6e-05,34140191.08,0.000108,0
53,499,562,747,9,5476794,3345591,2131203,61.09,4e-05,152504513.59,2.4e-05,1
46,432,578,769,4,2372137,1604161,767976,67.63,0.000108,65706711.41,5.6e-05,0
38,521,488,582,3,2025493,1240409,785084,61.24,6.7e-05,50807684.6,7.3e-05,0
25,587,405,894,6,1763011,976746,786265,55.4,3.7e-05,40007596.77,9.2e-05,1
48,471,510,993,8,3840115,2456640,1383475,63.97,7.7e-05,100624389.98,3.7e-05,1
11,518,428,734,5,736299,443073,293226,60.18,5.9e-05,18148452.54,0.000203,0
38,527,422,994,7,2706825,1629300,1077525,60.19,4.8e-05,66736378.26,5.5e-05,0
25,454,533,550,1,479021,332613,146408,69.44,0.000257,13623942.91,0.000271,0
33,404,504,645,1,604627,379124,225503,62.7,0.000263,15529560.95,0.000237,0
25,596,557,915,7,1992223,1093749,898474,54.9,2.5e-05,44800216.64,8.2e-05,1
15,477,537,543,1,323144,220529,102615,68.24,0.000356,9032889.58,0.000408,0
45,427,477,567,4,3317901,1976538,1341363,59.57,7.5e-05,80959049.1,4.6e-05,1
25,409,548,706,3,1144644,661565,483079,57.8,8.2e-05,27097750.42,0.000136,0
38,526,506,798,6,2996455,1757116,1239339,58.64,5.1e-05,71971810.35,5.1e-05,0
22,421,592,830,9,2410946,1408006,1002940,58.4,1.9e-05,57672316.33,6.4e-05,0
57,408,536,701,7,5533494,3581010,1952484,64.72,8e-05,146678204.5,2.5e-05,1
58,541,412,577,5,4928523,3358534,1569989,68.14,0.000106,137565554.84,2.7e-05,1
50,432,591,579,9,5894341,3614665,2279676,61.32,3.8e-05,185614605.99,1.9e-05,1
25,501,566,838,9,2576947,1528377,1048570,59.31,2.5e-05,62602487.68,5.9e-05,0
21,428,563,771,7,1951278,1091295,859983,55.93,2.8e-05,44699462.68,8.2e-05,1
36,587,520,859,9,3655934,2290072,1365862,62.64,4.6e-05,93801766.75,3.9e-05,1
47,573,547,895,7,3511128,2274819,1236309,64.79,7.1e-05,93177350.96,4e-05,0
20,517,569,735,1,342640,216214,126426,63.1,0.000375,8856125.83,0.000416,0
10,521,579,809,8,1041522,611316,430206,58.69,3.2e-05,25039589.25,0.000147,0
19,488,407,965,3,651299,372536,278763,57.2,0.000107,15259107.37,0.000242,0
51,568,402,585,7,5973362,3517242,2456120,58.88,4.3e-05,147774470.1,2.5e-05,1
39,552,459,589,5,3338762,2022259,1316503,60.57,6.3e-05,82832094.15,4.5e-05,0
46,485,542,842,2,1172461,813605,358856,69.39,0.000182,33325353.78,0.000111,0
13,575,411,639,5,1099387,593697,505690,54.0,4.4e-05,24317865.06,0.000152,1
52,494,544,606,10,5831804,3673153,2158651,62.98,3.2e-05,201213009.56,1.8e-05,1
50,424,454,933,10,5267509,3416975,1850534,64.87,8e-05,139960073.9,2.6e-05,1
58,439,454,961,5,3007608,2170644,836964,72.17,0.000152,88910620.09,4.1e-05,0
31,444,498,634,5,2498831,1436885,1061946,57.5,3.8e-05,58855032.19,6.3e-05,0
55,469,513,662,8,6006935,3468831,2538104,57.75,4.4e-05,159572186.89,2.3e-05,1
31,410,592,928,6,2026623,1209261,817362,59.67,6.1e-05,49531360.44,7.4e-05,0
10,510,509,703,3,526822,300251,226571,56.99,0.000113,12298401.2,0.0003,0
12,475,422,722,1,220218,153173,67045,69.56,0.00052,6274220.68,0.000588,0
44,569,547,751,5,2785787,1917728,868059,68.84,9.2e-05,78550244.92,4.7e-05,0
38,463,542,1001,8,6106442,3394183,2712259,55.58,2e-05,144424052.58,2.5e-05,1
37,431,436,643,2,1235173,802947,432226,65.01,0.000153,32888745.15,0.000112,0
38,420,470,808,8,3988326,2274883,1713443,57.04,4.2e-05,93179288.75,4e-05,1
49,570,430,670,4,2947428,1899522,1047906,64.45,9.9e-05,77804588.4,4.7e-05,0
24,419,524,876,6,1806123,990698,815425,54.85,3.3e-05,40579356.51,9.1e-05,1
45,409,550,764,1,651640,562866,88774,86.38,0.000365,23055170.04,0.00016,0
35,548,465,987,3,1088402,668078,420324,61.38,9.2e-05,27364848.96,0.000135,0
59,481,587,658,5,3855939,3315819,540120,85.99,0.000161,135816169.78,2.7e-05,0
49,583,429,845,8,4462803,2839812,1622991,63.63,6.6e-05,116319097.61,3.2e-05,1
27,477,598,777,6,1911220,1209418,701802,63.28,3.3e-05,49538050.09,7.4e-05,0
34,449,565,855,8,3254859,1894882,1359977,58.22,3e-05,77614452.1,4.7e-05,1
21,522,497,820,1,309571,212017,97554,68.49,0.000429,8684225.96,0.000424,0
47,428,511,992,2,986487,892701,93786,90.49,0.000311,36565379.86,0.000101,0
37,403,566,619,4,2348509,1449726,898783,61.73,5.7e-05,59380909.13,6.2e-05,0
39,404,462,758,1,586637,442969,143668,75.51,0.000337,18144142.85,0.000203,0
55,541,417,920,6,3527059,2494025,1033034,70.71,0.000144,102155946.74,3.6e-05,0
48,553,566,746,5,3157051,2138131,1018920,67.73,0.000101,87577960.11,4.2e-05,0
17,575,529,542,9,2736704,1571141,1165563,57.41,1.5e-05,64353955.88,5.7e-05,0
19,576,489,946,3,641865,379183,262682,59.08,0.000106,15531540.54,0.000237,0
16,402,430,817,1,264564,169389,95175,64.03,0.00048,6938575.25,0.000531,0
51,502,406,866,3,1806766,1290080,516686,71.4,0.000176,52841785.14,7e-05,0
31,583,587,1014,1,533032,406621,126411,76.28,0.000242,16655200.21,0.000221,0
52,506,430,796,5,3345191,2237304,1107887,66.88,0.000123,91640916.66,4e-05,0
45,434,453,792,9,5145168,3002639,2142529,58.36,3.9e-05,122988849.82,3e-05,1
45,446,455,800,9,4572662,3147840,1424822,68.84,7.9e-05,128935952.6,2.9e-05,1
50,504,403,687,5,3854045,2247973,1606072,58.33,5.6e-05,92077689.16,4e-05,1
40,534,541,992,2,821904,582917,238987,70.92,0.000175,23876308.6,0.000154,0
47,569,467,696,6,3912916,2516681,1396235,64.32,7.3e-05,103083953.7,3.6e-05,1
38,550,546,779,4,2032440,1262342,770098,62.11,8.4e-05,51705811.15,7.1e-05,0
41,514,532,752,1,601808,451644,150164,75.05,0.000317,18499452.01,0.000199,0
15,405,485,624,5,1312965,698877,614088,53.23,3.9e-05,28626060.72,0.000129,1
25,566,498,886,5,1440732,829720,611012,57.59,4.4e-05,33985604.38,0.000108,0
32,538,416,586,9,5245087,2900668,2344419,55.3,2.4e-05,118811684.32,3.1e-05,1
24,575,414,905,8,2285499,1255422,1030077,54.93,2.2e-05,51422115.33,7.2e-05,1
46,515,471,732,5,3080798,2079170,1001628,67.49,0.0001,85163043.53,4.3e-05,0
51,488,583,652,7,5184662,3416484,1768178,65.9,7.5e-05,139939327.48,2.6e-05,1
28,422,535,519,4,2422963,1309476,1113487,54.04,3.4e-05,53636236.19,6.9e-05,1
44,580,402,990,7,3055913,1938070,1117843,63.42,6.3e-05,79383735.61,4.6e-05,0
22,538,461,654,10,3526306,1966937,1559369,55.78,1.4e-05,80565866.33,4.6e-05,1
59,498,484,964,1,654940,948551,-293611,144.83,0.000481,38852681.03,9.5e-05,0
47,517,491,656,5,3652394,2186308,1466086,59.86,6.1e-05,89552047.38,4.1e-05,1
15,463,413,668,1,287315,185263,102052,64.48,0.000433,7588499.28,0.000486,0
43,529,453,581,5,3920956,2161103,1759853,55.12,3.2e-05,88519443.66,4.2e-05,1
33,547,546,923,5,1767726,1082942,684784,61.26,6.2e-05,44357334.46,8.3e-05,0
11,512,402,654,3,544982,322419,222563,59.16,0.000108,13206395.15,0.000279,0
54,414,490,896,3,1834298,1458633,375665,79.52,0.000217,59746179.05,6.2e-05,0
45,401,415,816,10,5627357,3257588,2369769,57.89,4.4e-05,133431334.74,2.8e-05,1
17,598,485,994,5,853024,508758,344266,59.64,6e-05,20838900.52,0.000177,0
29,561,432,794,1,423460,281196,142264,66.4,0.00034,11517918.58,0.00032,0
45,540,413,997,6,2681921,1755363,926558,65.45,0.000104,71899755.0,5.1e-05,0
44,419,555,880,9,4430628,2802743,1627885,63.26,6.3e-05,114800665.14,3.2e-05,1
15,411,572,678,6,1434154,760550,673604,53.03,3.2e-05,31152267.25,0.000118,1
58,543,564,631,4,3645409,2543090,1102319,69.76,0.000123,104165429.94,3.5e-05,0
49,488,400,796,5,3039348,2137779,901569,70.34,0.000144,87563639.09,4.2e-05,0
10,481,471,752,8,1224885,656384,568501,53.59,3.1e-05,26885653.99,0.000137,1
53,491,551,922,2,1115050,1024252,90798,91.86,0.000275,41954079.75,8.8e-05,0
21,429,402,710,5,1561382,868276,693106,55.61,4.2e-05,35564718.33,0.000104,1
58,407,563,738,2,1656520,1271056,385464,76.73,0.000217,52062579.61,7.1e-05,0
58,457,501,698,10,5692214,3839825,1852389,67.46,8.7e-05,211071219.99,1.7e-05,1
45,508,408,991,10,4584186,2663061,1921125,58.09,3.9e-05,109079552.54,3.4e-05,1
21,418,540,692,2,670356,397640,272716,59.32,0.000133,16287533.6,0.000226,0
34,462,560,721,8,3989106,2239727,1749379,56.15,2.8e-05,91739611.48,4e-05,1
27,524,458,964,4,1197671,679057,518614,56.7,6.7e-05,27814434.78,0.000133,0
29,558,501,961,8,2310130,1379535,930595,59.72,2.4e-05,56505981.32,6.5e-05,0
54,584,529,683,10,5662155,3708324,1953831,65.49,5.7e-05,193974907.09,1.8e-05,1
37,519,548,521,9,5980499,3341636,2638863,55.88,1.7e-05,147260583.05,2.5e-05,1
28,475,583,568,6,3348357,1749144,1599213,52.24,1.9e-05,71644953.52,5.1e-05,1
49,492,415,558,1,976322,775525,200797,79.43,0.000292,31765853.12,0.000116,0
27,527,552,860,3,983131,572165,410966,58.2,7.1e-05,23435972.53,0.000157,0
59,493,521,576,3,2969375,2401777,567598,80.88,0.000196,98377894.64,3.7e-05,0
52,527,523,578,3,2779271,1879874,899397,67.64,0.000131,76999643.15,4.8e-05,0
56,439,437,613,3,2796736,1966629,830107,70.32,0.000149,80553205.68,4.6e-05,0
55,535,414,590,10,5630520,3468885,2161635,61.61,5e-05,215427488.43,1.6e-05,1
19,513,535,669,2,633421,370280,263141,58.46,0.000131,15166781.49,0.000243,0
14,451,470,917,9,1572052,823387,748665,52.38,2.2e-05,33726031.61,0.000109,1
24,414,562,1017,2,1025551,611618,413933,59.64,0.000107,25052229.01,0.000147,0
45,436,590,559,4,3023074,2042205,980869,67.55,8.4e-05,83649532.38,4.4e-05,0
29,593,567,853,4,1336967,797829,539138,59.67,4.1e-05,32679615.38,0.000113,0
30,593,479,529,8,4933034,2646145,2286889,53.64,1.4e-05,108386258.53,3.4e-05,1
56,494,565,514,4,4308461,2966508,1341953,68.85,0.000112,121508173.03,3e-05,1
45,464,503,639,8,5717019,3244366,2472653,56.75,2.4e-05,132889257.94,2.8e-05,1
44,483,519,899,9,4431107,2669868,1761239,60.25,4.5e-05,109357887.45,3.4e-05,1
26,465,489,800,1,405771,259203,146568,63.88,0.000353,10617241.15,0.000347,0
12,485,450,968,9,1127228,676424,450804,60.01,2.8e-05,27706345.73,0.000133,0
53,502,482,650,6,4766115,3122359,1643756,65.51,9.1e-05,127891963.19,2.9e-05,1
57,471,578,830,6,3780981,2824157,956824,74.69,0.00013,115677827.39,3.2e-05,0
47,553,529,686,5,3275713,2153356,1122357,65.74,8.1e-05,88201493.44,4.2e-05,0
52,470,464,770,3,2052983,1593887,459096,77.64,0.000204,65285821.52,5.6e-05,0
51,538,441,653,5,3930702,2402940,1527762,61.13,6.5e-05,98425311.18,3.7e-05,1
18,532,461,881,7,1561228,859068,702160,55.03,2.6e-05,35187437.8,0.000105,1
22,523,515,662,6,2139994,1191493,948501,55.68,2.3e-05,48803862.53,7.6e-05,1
52,415,542,513,2,2131655,1595274,536381,74.84,0.000201,65342681.67,5.6e-05,0
43,418,477,541,4,3256337,1945198,1311139,59.74,6.3e-05,79675492.17,4.6e-05,0
31,435,452,859,1,429196,306026,123170,71.3,0.000381,12535057.27,0.000294,0
44,495,500,522,8,5713228,3384349,2328879,59.24,4e-05,162982825.71,2.2e-05,1
53,520,441,531,8,5651554,3449400,2202154,61.03,4e-05,186345850.7,1.9e-05,1
30,577,456,574,10,5395054,3037709,2357345,56.31,1.3e-05,124424578.56,3e-05,1
27,511,508,551,10,5014138,2745261,2268877,54.75,1.2e-05,112445975.79,3.3e-05,1
47,572,497,690,3,2107288,1333398,773890,63.28,0.000105,54616012.12,6.7e-05,0
10,518,466,531,5,1119093,604096,514997,53.98,4.5e-05,24743808.73,0.000149,1
48,499,405,524,5,4673791,2943999,1729792,62.99,8.1e-05,120586200.56,3.1e-05,1
48,465,485,724,7,4664486,2921437,1743049,62.63,7e-05,119662740.74,3.1e-05,1
35,406,474,993,6,2240881,1260308,980573,56.24,5.1e-05,51622770.62,7.1e-05,0
16,410,508,576,2,677633,386652,290981,57.06,0.000124,15837444.41,0.000233,0
27,473,520,585,9,4397665,2340978,2056687,53.23,1.6e-05,95886895.17,3.8e-05,1
31,506,452,1015,6,3759706,2082750,1676956,55.4,2.3e-05,85309560.7,4.3e-05,1
16,549,596,590,6,1823195,987558,835637,54.17,2.7e-05,40450613.66,9.1e-05,1
23,466,532,678,7,2541531,1349947,1191584,53.12,2.1e-05,55294004.88,6.7e-05,1
25,423,457,547,8,3968126,2063594,1904532,52.0,1.6e-05,84525168.63,4.4e-05,1
25,436,489,856,4,1260623,705306,555317,55.95,6.2e-05,28889372.76,0.000128,1
24,465,587,816,4,1227757,727022,500735,59.22,5e-05,29778842.26,0.000124,0
33,513,505,781,9,3845799,2174597,1671202,56.54,2.4e-05,89071770.93,4.1e-05,1
39,444,463,974,9,3699841,2117660,1582181,57.24,4.1e-05,86739911.72,4.2e-05,1
15,458,536,564,3,892498,493191,399307,55.26,7.5e-05,20201152.23,0.000182,1
10,563,492,841,1,163026,119616,43410,73.37,0.000673,4899777.45,0.000752,0
32,452,564,741,7,3130151,1793326,1336825,57.29,2.6e-05,73454803.48,5e-05,1
36,428,409,611,10,5782415,3323498,2458917,57.48,2.9e-05,142248034.31,2.6e-05,1
56,420,479,824,2,1389262,1351591,37671,97.29,0.000313,55361970.96,6.7e-05,0
36,438,401,736,2,1033195,719977,313218,69.68,0.000172,29490816.77,0.000125,0
57,582,570,788,9,5459350,3694247,1765103,67.67,6.7e-05,163311159.69,2.2e-05,1
24,530,434,562,8,3675213,2011160,1664053,54.72,1.8e-05,82377254.47,4.5e-05,1
59,475,525,763,6,4481745,2878753,1602992,64.23,7e-05,117914388.31,3.1e-05,1
22,596,458,979,5,1218154,695632,522522,57.11,5.2e-05,28493342.19,0.000129,0
44,474,439,542,10,5769563,3322581,2446982,57.59,3.2e-05,188931389.76,1.9e-05,1
50,541,484,838,1,621460,656485,-35025,105.64,0.000383,26890643.95,0.000137,0
15,589,405,823,5,925325,534344,390981,57.75,4.9e-05,21886871.5,0.000168,0
19,505,422,792,3,781548,449914,331634,57.57,9.2e-05,18428720.51,0.0002,0
32,466,421,542,5,3205987,1771244,1434743,55.25,3.1e-05,72550317.19,5.1e-05,1
32,561,557,704,3,1191144,888514,302630,74.59,8.5e-05,36393757.26,0.000101,0
51,524,588,938,4,2168329,1561679,606650,72.02,0.000163,63966852.23,5.8e-05,0
49,513,445,851,8,4509604,2786970,1722634,61.8,5.7e-05,114154613.27,3.2e-05,1
51,401,453,567,5,4618392,2834147,1784245,61.37,8.3e-05,116086999.86,3.2e-05,1
36,448,424,991,9,3458746,1959527,1499219,56.65,3.7e-05,80262240.38,4.6e-05,1
40,424,571,562,7,4889044,3036320,1852724,62.1,4.7e-05,124367960.56,3e-05,1
56,557,442,964,3,1795517,1417999,377518,78.97,0.00022,58081782.1,6.3e-05,0
54,499,571,946,9,4632897,3456980,1175917,74.62,9.9e-05,141598577.8,2.6e-05,0
33,428,493,671,9,4340818,2578139,1762679,59.39,3.7e-05,105600665.31,3.5e-05,1
43,490,549,839,7,3322169,2222068,1100101,66.89,7.3e-05,91016154.55,4.1e-05,0
35,484,505,918,3,1132413,745630,386783,65.84,0.000112,30541290.35,0.000121,0
51,512,444,819,9,5507855,3373668,2134187,61.25,5.5e-05,138185782.6,2.7e-05,1
19,561,525,870,7,1513238,870513,642725,57.53,2.7e-05,35656289.14,0.000103,0
41,494,548,656,9,5699954,3221796,2478158,56.52,2.2e-05,131965125.3,2.8e-05,1
22,512,439,531,1,516931,327148,189783,63.29,0.000267,13400030.39,0.000275,0
32,487,430,731,2,1010114,595284,414830,58.93,0.000128,24382888.02,0.000151,0
23,553,546,964,5,1205128,702494,502634,58.29,4.6e-05,28774423.28,0.000128,0
55,575,512,724,10,5699867,3389136,2310731,59.46,4.1e-05,178081884.34,2e-05,1
21,450,567,828,8,2067277,1148070,919207,55.54,2.2e-05,47025189.38,7.8e-05,1
57,578,542,985,1,620465,930545,-310080,149.98,0.000473,38115245.92,9.7e-05,0
49,562,565,831,6,3277097,2264342,1012755,69.1,9.1e-05,92747682.12,4e-05,0
38,490,535,982,3,1199725,788377,411348,65.71,0.000126,32292451.19,0.000114,0
45,542,422,836,8,4385401,2580922,1804479,58.85,5.2e-05,105714711.41,3.5e-05,1
17,574,461,1021,10,3314066,1821792,1492274,54.97,1.3e-05,74620625.55,4.9e-05,1
32,527,479,644,3,1666277,947529,718748,56.87,7e-05,38811332.88,9.5e-05,0
51,500,503,875,8,4488940,2878518,1610422,64.12,7e-05,117904215.18,3.1e-05,1
27,423,568,929,1,332700,257092,75608,77.27,0.000427,10531108.29,0.00035,0
54,402,468,919,5,2956050,2138403,817647,72.34,0.000157,87590039.89,4.2e-05,0
25,438,495,698,10,3844814,2005877,1838937,52.17,1.3e-05,82161061.57,4.5e-05,1
46,491,597,565,9,5735348,3359049,2376299,58.57,3e-05,172953472.08,2.1e-05,1
19,544,456,756,3,785365,463512,321853,59.02,7.9e-05,18985774.85,0.000194,0
31,554,544,627,2,1110679,618841,491838,55.72,8.8e-05,25347827.48,0.000145,1
54,441,444,902,2,1252702,1158686,94016,92.49,0.000304,47459782.89,7.8e-05,0
56,428,542,879,3,1893069,1497509,395560,79.1,0.000199,61338064.79,6e-05,0
58,586,421,600,2,1931775,1723323,208452,89.21,0.000252,70587310.08,5.2e-05,0
44,561,535,780,6,3258413,2125162,1133251,65.22,6.6e-05,87047031.58,4.2e-05,0
48,425,590,942,9,4607020,2885162,1721858,62.63,7.2e-05,118176281.61,3.1e-05,1
34,431,489,686,5,2769447,1485343,1284104,53.63,3.1e-05,60839690.53,6.1e-05,1
40,596,561,549,8,5503025,3479282,2023743,63.22,3.2e-05,142511688.57,2.6e-05,1
45,519,424,896,3,1596380,1054833,541547,66.08,0.000153,43206372.88,8.5e-05,0
11,524,582,788,1,157717,126991,30726,80.52,0.000629,5201563.76,0.000709,0
22,526,531,785,6,1762972,1011270,751702,57.36,2.9e-05,41421722.06,8.9e-05,0
34,491,541,930,1,419961,331570,88391,78.95,0.000393,13581117.7,0.000271,0
30,579,461,1018,1,655350,429417,225933,65.52,0.000251,17589031.31,0.00021,0
28,586,557,986,6,1731857,1032390,699467,59.61,4e-05,42286916.12,8.7e-05,0
44,431,441,735,3,1808904,1342817,466087,74.23,0.000174,55001856.51,6.7e-05,0
17,429,452,742,6,1460342,789807,670535,54.08,3.2e-05,32350504.61,0.000114,1
54,422,478,640,10,8127703,5268524,2859179,64.82,6.7e-05,215798745.63,1.7e-05,1
29,503,476,785,4,1604256,877797,726459,54.72,4.8e-05,35955030.74,0.000103,1
41,545,542,638,1,704325,494869,209456,70.26,0.000261,20270065.93,0.000182,0
52,431,511,913,9,4871976,3247615,1624361,66.66,7.6e-05,133022426.13,2.8e-05,1
49,464,482,570,3,2573414,1725083,848331,67.03,0.000117,70659947.29,5.2e-05,0
27,433,412,1003,1,609786,371943,237843,61.0,0.000257,15234791.98,0.000242,0
31,428,566,779,6,2364814,1385861,978953,58.6,3.2e-05,56765177.07,6.5e-05,0
28,572,555,550,6,3123025,1817010,1306015,58.18,2.4e-05,74424859.84,5e-05,0
50,425,561,719,5,3476140,2238698,1237442,64.4,8.3e-05,91697741.12,4e-05,0
39,432,593,935,9,3609714,2258071,1351643,62.56,5.7e-05,92491156.98,4e-05,1
10,533,420,802,10,1440490,756102,684388,52.49,2.3e-05,30969992.61,0.000119,1
30,477,400,807,5,2026625,1149203,877422,56.71,5.3e-05,47071390.25,7.8e-05,0
33,581,471,527,10,6475797,3529304,2946493,54.5,1.4e-05,144560551.76,2.6e-05,1
41,424,516,734,6,3524206,2001151,1523055,56.78,4.9e-05,81967808.63,4.5e-05,1
52,514,454,955,8,4200501,2975322,1225179,70.83,0.00012,121870133.61,3e-05,0
31,454,506,716,3,1376160,803328,572832,58.37,7.6e-05,32904566.24,0.000112,0
54,549,534,745,7,4877638,3308960,1568678,67.84,9.2e-05,135535057.61,2.7e-05,1
39,504,536,580,4,2752781,1665120,1087661,60.49,7.1e-05,68203461.84,5.4e-05,0
47,564,402,742,7,3581716,2843222,738494,79.38,7.3e-05,116458418.54,3.2e-05,0
25,508,565,934,9,2443208,1363681,1079527,55.82,2e-05,55856689.47,6.6e-05,1
56,410,457,552,5,5091210,3322958,1768252,65.27,9.4e-05,136108441.29,2.7e-05,1
13,549,500,896,2,322903,202310,120593,62.65,0.000228,8286795.85,0.000445,0
37,480,598,736,5,2472385,1507486,964899,60.97,5.1e-05,61747069.53,6e-05,0
13,509,432,787,2,383558,229462,154096,59.82,0.0002,9398932.98,0.000392,0
40,541,568,862,4,1818140,1172466,645674,64.49,7e-05,48024341.35,7.7e-05,0
32,459,466,552,8,5050422,2711950,2338472,53.7,1.6e-05,111081737.49,3.3e-05,1
57,583,412,719,7,5307285,3528898,1778387,66.49,8.8e-05,144543769.66,2.6e-05,1
42,558,449,928,6,2561346,1757635,803711,68.62,8.9e-05,71992773.04,5.1e-05,0
54,421,434,844,1,719591,848918,-129327,117.97,0.000452,34771925.12,0.000106,0
58,455,478,654,7,6482099,3827805,2654294,59.05,5.6e-05,156787063.44,2.4e-05,1
41,473,585,659,7,4018178,2648620,1369558,65.92,6e-05,108487645.22,3.4e-05,1
36,537,434,557,10,6859804,3766763,3093041,54.91,1.7e-05,154287168.84,2.4e-05,1
17,424,531,584,8,2410776,1308401,1102375,54.27,2e-05,53592275.92,6.9e-05,1
43,401,406,869,4,2064182,1264622,799560,61.27,9.5e-05,51799096.53,7.1e-05,0
56,472,434,703,5,4053327,2601894,1451433,64.19,9.3e-05,106573821.02,3.5e-05,1
45,486,436,657,7,4657362,2939720,1717642,63.12,6.7e-05,120410943.59,3.1e-05,1
46,411,572,993,4,1806553,1348753,457800,74.66,0.000161,55245030.56,6.7e-05,0
41,516,510,767,8,4193921,2571588,1622333,61.32,5.5e-05,105332449.88,3.5e-05,1
19,416,448,679,9,2696234,1409851,1286383,52.29,1.7e-05,57747603.66,6.4e-05,1
50,543,406,970,2,1072246,896867,175379,83.64,0.00026,36736912.19,0.0001,0
6,597,505,967,9,560697,360661,200036,64.32,4.7e-05,14772705.66,0.00025,0
29,417,542,648,3,1404654,830289,574365,59.11,7.4e-05,34008824.83,0.000108,0
28,521,461,827,6,2175867,1227864,948003,56.43,3.6e-05,50293381.42,7.3e-05,0
49,512,449,659,7,5173274,3090681,2082593,59.74,4.4e-05,126594492.15,2.9e-05,1
48,553,465,967,3,1556586,1164170,392416,74.79,0.000199,47685323.37,7.7e-05,0
23,432,553,728,9,2991219,1604855,1386364,53.65,1.9e-05,65735129.51,5.6e-05,1
22,544,491,562,5,2146316,1177170,969146,54.85,2.5e-05,48217290.83,7.6e-05,1
13,525,553,833,2,340745,216057,124688,63.41,0.000213,8849929.69,0.000417,0
34,523,513,828,4,1769799,1022918,746881,57.8,5.9e-05,41899283.99,8.8e-05,0
17,455,538,541,3,1048111,574814,473297,54.84,6.4e-05,23544509.82,0.000157,1
42,537,599,978,7,3122248,1876539,1245709,60.1,6.4e-05,76863424.06,4.8e-05,0
36,440,530,806,4,1907479,1123646,783833,58.91,6.5e-05,46024725.64,8e-05,0
14,409,504,711,7,1155927,837336,318591,72.44,2.8e-05,34297411.57,0.000107,0
8,593,595,793,5,611045,339471,271574,55.56,7.3e-05,13904757.83,0.000265,1
35,465,487,851,5,2197216,1222562,974654,55.64,4.7e-05,50076609.34,7.4e-05,1
45,574,581,572,10,7351534,4614694,2736840,62.77,3.8e-05,189017921.51,2e-05,1
49,463,531,892,3,1653628,1196810,456818,72.37,0.000173,49021701.83,7.5e-05,0
8,593,442,728,1,155418,120802,34616,77.73,0.000656,4948106.62,0.000745,0
28,541,447,878,10,3426273,1876146,1550127,54.76,2.1e-05,76846984.88,4.8e-05,1
45,422,572,933,1,536171,542421,-6250,101.17,0.000431,22217577.6,0.000166,0
40,522,435,651,1,706088,521341,184747,73.84,0.000297,21354152.72,0.000173,0
36,474,411,921,9,3768902,2099403,1669499,55.7,3.3e-05,85992126.18,4.3e-05,1
22,435,585,706,4,1374349,780235,594114,56.77,5.4e-05,31958523.77,0.000115,0
36,565,537,551,7,4783250,2704848,2078402,56.55,2.5e-05,110790683.63,3.3e-05,1
41,572,562,916,6,2646452,1658805,987647,62.68,7.2e-05,67945429.42,5.4e-05,0
19,515,592,645,9,2406494,1483311,923183,61.64,1.7e-05,60756662.6,6.1e-05,0
19,564,565,651,7,2101333,1155976,945357,55.01,2.1e-05,47349026.49,7.8e-05,1
41,443,407,912,3,1343443,1024588,318855,76.27,0.0002,41967704.89,8.8e-05,0
27,415,410,554,2,1065433,639292,426141,60.0,0.000114,26185482.24,0.000141,0
9,494,425,860,10,1086308,575645,510663,52.99,3.1e-05,23578567.98,0.000156,1
38,521,507,605,5,3090884,1926997,1163887,62.34,4.9e-05,78929851.16,4.7e-05,0
50,446,402,755,2,1396038,1068961,327077,76.57,0.000221,43785060.71,8.4e-05,0
12,562,433,710,5,841137,537792,303345,63.94,5e-05,22028042.93,0.000167,0
43,546,460,621,5,3320816,2207278,1113538,66.47,9e-05,90410722.22,4.1e-05,0
10,555,427,826,10,1260155,734890,525265,58.32,2.4e-05,30101155.25,0.000122,0
14,511,561,863,6,902136,600231,301905,66.53,3.8e-05,24585604.77,0.00015,0
16,579,562,945,6,1175764,622518,553246,52.95,3.7e-05,25498360.47,0.000145,1
13,492,448,778,1,219509,144419,75090,65.79,0.000553,5915457.55,0.000623,0
43,477,557,914,8,3617850,2265961,1351889,62.63,5.6e-05,92813969.54,4e-05,1
49,556,451,762,2,1371908,977715,394193,71.27,0.000203,40047878.8,9.2e-05,0
9,539,466,590,7,1120231,603512,516719,53.87,3.8e-05,24719941.39,0.000149,1
35,592,561,878,2,647041,632306,14735,97.72,0.000219,25899521.61,0.000142,0
16,552,575,669,6,1410797,889607,521190,63.06,3.8e-05,36438573.46,0.000101,0
32,439,596,606,7,3495591,2208920,1286671,63.19,3e-05,90477650.79,4.1e-05,0
32,585,463,907,7,2447180,1485852,961328,60.72,3.6e-05,60860605.83,6.1e-05,0
32,492,482,821,10,4051704,2283813,1767891,56.37,1.9e-05,93544989.46,3.9e-05,1
16,556,420,691,6,1529711,845999,683712,55.3,3e-05,34652274.86,0.000106,1
39,459,509,660,8,4937720,2758984,2178736,55.88,3.5e-05,113008431.02,3.3e-05,1
22,513,496,825,10,2759676,1560305,1199371,56.54,1.4e-05,63910139.62,5.8e-05,0
10,453,574,563,1,242977,171595,71382,70.62,0.000454,7028536.3,0.000524,0
18,469,519,872,4,948507,520934,427573,54.92,6e-05,21337574.71,0.000173,1
48,575,499,933,9,4436184,3045862,1390322,68.66,9.8e-05,124759407.87,3e-05,1
15,474,599,579,4,1082246,617265,464981,57.04,5.1e-05,25283228.76,0.000146,0
23,547,402,912,2,564860,340574,224286,60.29,0.000171,13949934.34,0.000264,0
36,490,488,549,1,739840,527655,212185,71.32,0.000257,21613309.85,0.000171,0
10,430,557,891,10,1177407,682435,494972,57.96,2.6e-05,27952655.39,0.000132,0
16,429,526,635,1,330047,209529,120518,63.48,0.000382,8582314.86,0.00043,0
29,482,526,869,10,3353386,1902183,1451203,56.72,2.4e-05,77913476.61,4.7e-05,1
10,564,450,578,7,1416983,751102,665881,53.01,3e-05,30765141.24,0.00012,1
47,539,438,522,9,8050188,4749249,3300939,59.0,3.7e-05,194529657.28,1.9e-05,1
39,556,485,732,1,606738,478276,128462,78.83,0.000347,19590581.7,0.000188,0
42,582,562,594,5,3730272,2174482,1555790,58.29,5.1e-05,89066833.14,4.1e-05,1
34,520,499,540,3,2060946,1168855,892091,56.71,5e-05,47876978.26,7.7e-05,0
33,458,472,736,6,2834074,1574164,1259910,55.54,3.7e-05,64478346.56,5.7e-05,1
47,565,583,713,2,1275825,1012486,263339,79.36,0.000197,41472365.08,8.9e-05,0
18,519,543,964,5,1007236,577461,429775,57.33,4.7e-05,23653023.72,0.000156,0
13,416,406,796,2,382168,228098,154070,59.69,0.000208,9342990.41,0.000395,0
45,503,438,581,5,4027456,2318980,1708476,57.58,4.9e-05,94986134.15,3.9e-05,1
41,548,537,908,6,2830357,1636174,1194183,57.81,5.7e-05,67017838.28,5.5e-05,0
16,488,474,775,4,855985,522348,333637,61.02,5.6e-05,21395466.7,0.000172,0
44,564,525,969,6,2713583,1726053,987530,63.61,7.3e-05,70699517.61,5.2e-05,0
31,408,434,976,8,2587852,1493462,1094390,57.71,4.4e-05,61172256.74,6e-05,0
37,540,546,897,6,2310551,1534620,775931,66.42,7.7e-05,62858036.84,5.9e-05,0
22,533,499,849,7,1990095,1088790,901305,54.71,3e-05,44596906.76,8.3e-05,1
48,564,458,764,5,3085943,2019064,1066879,65.43,8.1e-05,82701502.38,4.5e-05,0
26,540,406,1002,8,4539834,2407478,2132356,53.03,1.4e-05,98610629.23,3.7e-05,1
13,482,589,667,2,388385,265586,122799,68.38,0.000173,10878438.57,0.000339,0
35,490,469,741,3,1513500,882526,630974,58.31,7.9e-05,36148655.0,0.000102,0
37,548,546,832,3,1330789,855335,475454,64.27,0.000101,35034626.98,0.000105,0
25,477,453,914,6,1781799,944010,837789,52.98,2.9e-05,38666735.83,9.5e-05,1
19,546,512,674,2,650360,366733,283627,56.39,0.00013,15021699.59,0.000245,0
21,488,410,781,1,329093,210042,119051,63.82,0.0004,8603575.34,0.000428,0
21,544,417,741,8,2369242,1295525,1073717,54.68,2.8e-05,53064883.36,6.9e-05,1
50,405,581,926,7,3658508,2569508,1089000,70.23,0.000116,105247240.28,3.5e-05,0
30,592,415,523,4,2431614,1415163,1016451,58.2,4.6e-05,57965101.4,6.4e-05,0
11,450,482,805,1,181380,126101,55279,69.52,0.000631,5165147.32,0.000714,0
8,525,481,951,7,617931,378790,239141,61.3,5.1e-05,15515330.8,0.000238,0
22,422,453,874,4,1125302,641933,483369,57.05,7e-05,26293759.47,0.00014,0
8,407,448,617,9,1360698,722671,638027,53.11,2.8e-05,29600675.69,0.000125,1
13,480,461,1014,8,2150604,1115458,1035146,51.87,1.9e-05,45689331.93,8.1e-05,1
50,552,581,843,7,3691948,2720420,971528,73.69,9.2e-05,111428772.67,3.3e-05,0
26,588,427,647,5,1983975,1231675,752300,62.08,4.2e-05,50449470.35,7.3e-05,0
49,496,502,853,8,4491445,2754868,1736577,61.34,5.2e-05,112840293.75,3.3e-05,1
14,580,544,939,4,566150,386416,179734,68.25,7.6e-05,15827691.32,0.000233,0
25,548,574,629,6,2428878,1374002,1054876,56.57,2.8e-05,56279200.15,6.6e-05,0
22,599,487,865,7,1780829,1073493,707336,60.28,3.3e-05,43970348.96,8.4e-05,0
36,585,560,610,3,1925770,1096280,829490,56.93,5.3e-05,44904252.22,8.2e-05,0
41,585,533,844,1,546689,568082,-21393,103.91,0.000431,23268820.47,0.000158,0
35,530,472,787,6,2715421,1590201,1125220,58.56,4.9e-05,65135123.86,5.7e-05,0
20,533,458,598,2,805371,449065,356306,55.76,0.000107,18393713.62,0.0002,1
13,598,500,550,4,877711,564158,313553,64.28,5.4e-05,23107952.12,0.00016,0
19,497,532,724,10,2787189,1465759,1321430,52.59,1.6e-05,60037731.07,6.1e-05,1
47,516,585,639,5,3676847,2203212,1473635,59.92,4.7e-05,90243696.9,4.1e-05,1
32,560,449,552,5,3075054,1763775,1311279,57.36,4.1e-05,72244289.72,5.1e-05,0
15,524,584,998,1,181231,128431,52800,70.87,0.000653,5260761.39,0.000701,0
26,404,401,688,10,4128073,2206383,1921690,53.45,1.5e-05,90373644.88,4.1e-05,1
48,508,510,865,9,4880217,3170458,1709759,64.97,7.6e-05,129861982.77,2.8e-05,1
30,451,583,609,4,1950106,1212781,737325,62.19,4.6e-05,49675577.29,7.4e-05,0
40,531,555,905,2,910176,711620,198556,78.18,0.000223,29148874.85,0.000126,0
27,449,531,848,2,684784,442879,241905,64.67,0.000173,18140330.91,0.000203,0
26,575,438,915,7,2002515,1197294,805221,59.79,3.4e-05,49041444.23,7.5e-05,0
10,552,438,1003,5,1038069,607482,430587,58.52,3.9e-05,24882494.8,0.000148,0
33,409,525,862,5,1918924,1198960,719964,62.48,8.4e-05,49109538.62,7.5e-05,0
19,438,426,678,5,1482554,819587,662967,55.28,4.1e-05,33570494.28,0.00011,1
36,470,457,894,6,2642402,1446710,1195692,54.75,3.3e-05,59257478.04,6.2e-05,1
21,483,497,918,10,2343716,1285953,1057763,54.87,1.9e-05,52672642.46,7e-05,1
42,403,469,971,8,3535601,2245999,1289602,63.53,9.1e-05,91996945.17,4e-05,0
6,521,484,791,8,612661,395994,216667,64.64,4.9e-05,16219917.48,0.000227,0
11,513,419,823,2,303609,191932,111677,63.22,0.000242,7861535.66,0.000469,0
7,516,463,524,3,380710,267302,113408,70.21,0.000131,10948747.91,0.000337,0
39,586,431,847,5,2323852,1383486,940366,59.53,5.4e-05,56668234.28,6.5e-05,0
33,550,473,752,7,3098321,1794483,1303838,57.92,3.8e-05,73502475.72,5e-05,0
43,546,418,542,10,7980293,4599737,3380556,57.64,3.1e-05,188405433.74,2e-05,1
39,446,593,944,6,2461527,1523765,937762,61.9,7.1e-05,62413585.21,5.9e-05,0
44,452,474,660,5,3569826,2040075,1529751,57.15,4.8e-05,83561565.3,4.4e-05,1
22,466,448,895,7,1824507,1038814,785693,56.94,3.4e-05,42550170.66,8.7e-05,0
21,427,538,951,6,1375139,770701,604438,56.05,4e-05,31568272.52,0.000117,1
13,415,568,885,8,1214052,662705,551347,54.59,3.1e-05,27144609.89,0.000136,1
36,480,420,899,2,883221,601427,281794,68.09,0.000195,24635160.15,0.00015,0
13,514,463,664,9,1792356,979849,812507,54.67,2.1e-05,40134662.44,9.2e-05,1
17,499,493,971,5,946048,515915,430133,54.53,5.3e-05,21132191.28,0.000174,1
24,451,458,818,2,691188,404753,286435,58.56,0.000145,16578739.75,0.000222,0
49,423,519,809,4,2419283,1731938,687345,71.59,0.000159,70940423.81,5.2e-05,0
46,436,514,698,5,3414350,2102905,1311445,61.59,7.7e-05,86135344.88,4.3e-05,0
26,580,492,844,9,2783382,1654106,1129276,59.43,2.3e-05,67752396.08,5.4e-05,0
20,459,456,520,1,494785,295698,199087,59.76,0.000266,12112097.12,0.000304,0
44,579,422,666,7,4654771,2819673,1835098,60.58,4.8e-05,115493991.04,3.2e-05,1
22,419,490,929,7,1887521,987462,900059,52.32,2.4e-05,40446677.48,9.1e-05,1
41,541,409,745,6,3268716,1987156,1281560,60.79,5.5e-05,81393911.12,4.5e-05,0
35,595,421,597,7,4228201,2373852,1854349,56.14,2.9e-05,97233316.99,3.8e-05,1
22,407,428,1023,7,3289881,1764907,1524974,53.65,2e-05,72290971.69,5.1e-05,1
7,598,468,567,10,849246,665172,184074,78.33,3e-05,27245462.32,0.000135,0
24,420,417,580,8,3699206,1960319,1738887,52.99,2.2e-05,80294838.87,4.6e-05,1
26,562,595,568,1,543575,346630,196945,63.77,0.000253,14198179.33,0.00026,0
6,593,487,1022,6,698337,442774,255563,63.4,4.9e-05,18136067.98,0.000203,0
41,494,520,793,3,1553115,988789,564326,63.66,9.4e-05,40500829.72,9.1e-05,0
44,483,593,976,10,4359048,2778921,1580127,63.75,5.6e-05,113824690.45,3.2e-05,1
31,581,423,867,1,408481,290688,117793,71.16,0.000366,11906740.85,0.00031,0
47,547,569,921,1,565044,468238,96806,82.87,0.00036,19179050.28,0.000192,0
18,571,575,986,2,379443,258994,120449,68.26,0.000193,10608589.33,0.000347,0
47,452,507,658,7,4995154,3002191,1992963,60.1,5.3e-05,122970499.63,3e-05,1
31,430,552,877,9,3277820,1816948,1460872,55.43,2.3e-05,74422403.01,5e-05,1
47,568,586,594,4,2915908,2044729,871179,70.12,9.4e-05,83752651.77,4.4e-05,0
39,515,439,533,6,4511008,2578365,1932643,57.16,3.8e-05,105610292.62,3.5e-05,1
42,494,414,1020,6,5404206,2968277,2435929,54.93,4.2e-05,121581048.36,3e-05,1
7,490,488,743,6,591714,330468,261246,55.85,6.8e-05,13536088.44,0.000272,1
8,458,504,601,8,1251816,666735,585081,53.26,3.2e-05,27309527.05,0.000135,1
14,432,509,526,4,1172477,675411,497066,57.61,4.6e-05,27664853.52,0.000133,0
38,542,480,623,9,5595530,3282498,2313032,58.66,3.5e-05,134451132.27,2.7e-05,1
10,569,468,611,6,1046065,620372,425693,59.31,4e-05,25410561.55,0.000145,0
22,593,470,575,5,1836821,1162214,674607,63.27,3.2e-05,47604311.62,7.7e-05,0
41,444,599,760,5,2562177,1720518,841659,67.15,9.1e-05,70472534.97,5.2e-05,0
34,435,515,1022,1,756759,494687,262072,65.37,0.000245,20263361.94,0.000182,0
19,511,566,853,7,1520939,887475,633464,58.35,2.6e-05,36351044.6,0.000101,0
32,495,426,520,7,4724731,2519478,2205253,53.33,1.5e-05,103197981.79,3.6e-05,1
43,472,533,693,10,5789334,3680891,2108443,63.58,4.7e-05,150769811.29,2.4e-05,1
20,524,544,961,9,1989205,1110662,878543,55.83,2.2e-05,45492715.92,8.1e-05,1
24,412,507,806,4,1361240,736720,624520,54.12,4.9e-05,30176172.81,0.000122,1
26,533,513,635,8,3505126,1919811,1585315,54.77,1.5e-05,78635580.45,4.7e-05,1
17,576,415,736,4,975936,554326,421610,56.8,6e-05,22705229.44,0.000162,0
32,439,420,521,3,2016027,1152944,863083,57.19,5.6e-05,47224752.0,7.8e-05,0
8,568,448,818,3,331724,219016,112708,66.02,0.000155,8970926.13,0.000411,0
49,418,506,677,8,5770985,3467645,2303340,60.09,5.2e-05,142035125.54,2.6e-05,1
23,539,475,866,4,1070454,633564,436890,59.19,5.5e-05,25950796.75,0.000142,0
27,479,532,935,5,1456126,857612,598514,58.9,5.1e-05,35128003.56,0.000105,0
7,452,486,801,1,99483,95784,3699,96.28,0.000824,3923430.16,0.00094,0
25,535,483,697,6,2338276,1236007,1102269,52.86,2.6e-05,50627123.65,7.3e-05,1
43,476,409,514,3,2623284,1577850,1045434,60.15,7.8e-05,64629143.81,5.7e-05,0
43,530,569,796,4,2183434,1369283,814151,62.71,8.8e-05,56086409.93,6.6e-05,0
21,449,532,894,2,533368,305470,227898,57.27,0.000156,12512399.42,0.000295,0
12,582,446,620,3,705584,393374,312210,55.75,8.9e-05,16112723.91,0.000229,1
27,488,474,993,9,2527916,1402444,1125472,55.48,2.9e-05,57444470.25,6.4e-05,1
39,599,456,860,3,1378553,887759,490794,64.4,0.00011,36362754.7,0.000101,0
11,421,403,766,10,1503710,791375,712335,52.63,2.3e-05,32414878.9,0.000114,1
10,506,592,967,6,526163,396281,129882,75.32,5.4e-05,16231773.7,0.000227,0
46,491,425,555,5,4187265,2642208,1545057,63.1,7.7e-05,108225150.29,3.4e-05,1
28,489,455,744,4,1678437,928409,750028,55.31,4.9e-05,38027657.05,9.7e-05,1
7,520,585,814,1,126074,94989,31085,75.34,0.000838,3890910.33,0.000947,0
29,455,564,964,6,1805850,1072334,733516,59.38,5.1e-05,43923211.32,8.4e-05,0
47,476,411,980,3,1448678,1083531,365147,74.79,0.000195,44381476.09,8.3e-05,0
21,529,483,895,4,908133,561247,346886,61.8,6e-05,22988807.01,0.00016,0
39,572,569,885,7,2795069,1901576,893493,68.03,6.8e-05,77888573.54,4.7e-05,0
28,427,593,616,6,2977564,1631117,1346447,54.78,2.8e-05,66810707.31,5.5e-05,1
18,492,447,911,5,1103472,611606,491866,55.43,4.6e-05,25051497.75,0.000147,1
46,468,400,863,10,5404087,3306246,2097841,61.18,6.2e-05,135424000.56,2.7e-05,1
26,439,460,775,9,3293511,1770856,1522655,53.77,1.7e-05,72534324.22,5.1e-05,1
49,447,458,912,2,1157503,823377,334126,71.13,0.000214,33725578.24,0.000109,0
41,507,476,573,5,3656664,2167656,1489008,59.28,5.9e-05,88787606.53,4.2e-05,1
33,509,513,928,6,2014795,1287620,727175,63.91,6e-05,52740936.6,7e-05,0
16,419,431,995,1,216254,141812,74442,65.58,0.000588,5808690.35,0.000635,0
14,408,563,769,5,1042099,572240,469859,54.91,4.8e-05,23439216.81,0.000157,1
32,439,495,1021,6,3871093,2240035,1631058,57.87,3.4e-05,91752063.73,4e-05,1
38,481,414,626,1,691034,525116,165918,75.99,0.000303,21508840.57,0.000171,0
47,473,423,531,2,1901913,1203719,698194,63.29,0.000131,49304332.15,7.5e-05,0
19,577,412,791,3,804213,446170,358043,55.48,8.6e-05,18275315.03,0.000202,1
25,497,536,592,7,2975666,1686233,1289433,56.67,2.2e-05,69068389.52,5.3e-05,0
14,539,578,813,2,363269,301542,61727,83.01,0.000268,12351264.35,0.000298,0
19,532,515,989,10,1865806,1078366,787440,57.8,2.1e-05,44169952.54,8.3e-05,0
14,588,444,687,4,963135,521684,441451,54.17,5.7e-05,21368178.77,0.000173,1
15,416,526,549,10,2921258,1508613,1412645,51.64,1.4e-05,61792797.38,6e-05,1
10,497,410,728,10,1576122,833194,742928,52.86,2.3e-05,34127809.92,0.000108,1
10,401,456,699,2,367934,223271,144663,60.68,0.000208,9145204.84,0.000403,0
29,576,545,656,6,2612315,1544002,1068313,59.1,3.4e-05,63242494.99,5.8e-05,0
22,420,509,748,6,1868810,1067103,801707,57.1,3.3e-05,43708630.5,8.4e-05,0
6,437,401,698,5,370350,301506,68844,81.41,8.3e-05,12349712.87,0.000299,0
35,478,442,618,6,3548142,1984139,1564003,55.92,3.5e-05,81270514.67,4.5e-05,1
20,546,573,844,4,1050585,588670,461915,56.03,5e-05,24112135.15,0.000153,1
27,585,457,925,8,2408316,1348237,1060079,55.98,3.3e-05,55223925.58,6.7e-05,1
12,539,549,915,5,655009,419265,235744,64.01,5.9e-05,17173099.41,0.000215,0
44,596,524,806,7,3758371,2353517,1404854,62.62,5.5e-05,96400666.81,3.8e-05,1
48,487,534,720,6,4129945,2474965,1654980,59.93,5.7e-05,101375514.26,3.6e-05,1
24,577,439,669,9,3465096,1889895,1575201,54.54,1.4e-05,77410214.02,4.8e-05,1
24,405,541,666,3,1181159,685672,495487,58.05,6.5e-05,28085455.12,0.000131,0
48,559,596,686,5,3430706,2220146,1210560,64.71,7.2e-05,90937241.82,4.1e-05,0
47,458,448,841,1,620910,670388,-49478,107.97,0.000438,27460712.5,0.000134,0
32,524,555,531,5,2978645,1816670,1161975,60.99,3.4e-05,74410913.18,5e-05,0
45,445,479,863,2,1105242,771978,333264,69.85,0.000193,31621130.52,0.000117,0
13,532,584,772,7,1168256,670974,497282,57.43,3.4e-05,27483275.37,0.000134,0
46,525,520,1015,4,3589239,2301626,1287613,64.13,7.8e-05,94274835.69,3.9e-05,0
17,463,548,824,10,2073659,1150988,922671,55.51,1.8e-05,47144495.92,7.8e-05,1
12,469,593,997,4,520308,317498,202810,61.02,8.7e-05,13004820.17,0.000283,0
27,406,438,708,1,459436,286792,172644,62.42,0.000314,11747491.33,0.000314,0
8,489,495,788,1,129576,111878,17698,86.34,0.000709,4582709.44,0.000804,0
12,520,552,601,4,877696,517980,359716,59.02,5.8e-05,21216508.54,0.000174,0
37,436,590,1010,6,4359343,2497366,1861977,57.29,2e-05,102293026.88,3.6e-05,1
22,414,532,792,10,2880162,1639376,1240786,56.92,2.1e-05,67149017.56,5.5e-05,0
37,437,520,823,1,512787,380633,132154,74.23,0.000342,15591238.92,0.000236,0
9,495,417,818,4,371861,273611,98250,73.58,0.000103,11207145.0,0.000329,0
10,451,473,747,10,1543591,810962,732629,52.54,2.2e-05,33217076.53,0.000111,1
49,477,545,635,7,5233530,3285486,1948044,62.78,6.1e-05,134573658.32,2.7e-05,1
36,478,487,932,2,875037,541205,333832,61.85,0.000159,22168272.66,0.000166,0
41,464,443,1012,9,7451487,4202095,3249392,56.39,3.1e-05,172118398.51,2.1e-05,1
28,536,535,911,3,1011931,594217,417714,58.72,8.8e-05,24339137.61,0.000151,0
16,535,501,616,6,1672934,945452,727482,56.51,2.7e-05,38725997.52,9.5e-05,0
23,452,448,975,8,1901743,1086757,814986,57.15,3.4e-05,44513856.06,8.3e-05,0
18,515,589,796,7,1683351,949604,733747,56.41,2.5e-05,38895827.02,9.5e-05,0
14,501,445,590,6,1635429,871295,764134,53.28,2.9e-05,35688453.17,0.000103,1
29,528,518,746,8,3290156,1762615,1527541,53.57,1.7e-05,72196924.82,5.1e-05,1
17,567,491,1017,5,1610558,943290,667268,58.57,3.3e-05,38637610.54,9.5e-05,0
20,431,440,896,8,1974551,1071475,903076,54.26,2.9e-05,43887773.56,8.4e-05,1
23,522,584,738,6,1748739,1078896,669843,61.7,3.1e-05,44191749.41,8.3e-05,0
44,415,511,907,2,1050596,862279,188317,82.08,0.000275,35319011.06,0.000104,0
21,405,511,922,4,974636,543178,431458,55.73,5.8e-05,22248951.56,0.000166,1
18,526,442,840,6,1456726,782827,673899,53.74,3.4e-05,32064637.21,0.000115,1
6,545,586,553,3,424904,255280,169624,60.08,0.000138,10456380.51,0.000353,0
45,429,592,681,2,1377010,948547,428463,68.88,0.000167,38853160.78,9.5e-05,0
7,585,453,711,9,902704,487019,415685,53.95,3.9e-05,19948301.23,0.000185,1
17,446,513,691,4,1067743,587466,480277,55.02,5.5e-05,24062610.73,0.000153,1
43,573,461,571,2,1535710,1050741,484969,68.42,0.000147,43038884.61,8.6e-05,0
15,445,486,519,9,2590792,1443149,1147643,55.7,1.6e-05,59111560.57,6.2e-05,1
17,517,508,587,3,972416,531505,440911,54.66,6.8e-05,21770484.68,0.000169,1
15,487,435,687,5,1176814,639097,537717,54.31,4.5e-05,26177616.42,0.000141,1
10,483,470,586,10,1780341,1029405,750936,57.82,2e-05,42164521.48,8.7e-05,0
15,538,491,980,10,1410594,852459,558135,60.43,2.1e-05,34916963.31,0.000106,0
45,458,418,926,6,2905787,1919404,986383,66.05,0.000113,78618931.71,4.7e-05,0
7,417,452,836,2,203555,133136,70419,65.41,0.000339,5453408.87,0.000676,0
10,546,533,854,6,754926,448056,306870,59.35,5e-05,18352538.99,0.000201,0
27,546,453,552,5,2583215,1429404,1153811,55.33,3.5e-05,58548463.13,6.3e-05,1
48,497,461,925,5,2654563,1814817,839746,68.37,0.000136,74335777.77,5e-05,0
50,585,470,881,5,2921040,1882553,1038487,64.45,0.000102,77110329.98,4.8e-05,0
18,538,448,682,9,2670213,1402009,1268204,52.51,1.6e-05,57426417.21,6.4e-05,1
6,572,434,991,10,490648,386393,104255,78.75,4.2e-05,15826740.56,0.000233,0
18,584,529,925,1,241092,164459,76633,68.21,0.000503,6736254.01,0.000547,0
26,553,518,782,3,1090788,632835,457953,58.02,7.1e-05,25921141.76,0.000142,0
10,527,413,834,2,285812,188328,97484,65.89,0.000241,7713939.86,0.000478,0
33,453,586,736,10,4407451,2562914,1844537,58.15,2.4e-05,104977092.44,3.5e-05,1
32,491,429,885,7,2686261,1537679,1148582,57.24,4.3e-05,62983348.49,5.9e-05,0
18,429,477,863,2,504866,299197,205669,59.26,0.000178,12255462.44,0.000301,0
6,597,484,964,8,410789,326889,83900,79.58,5.6e-05,13389498.63,0.000275,0
25,439,527,789,10,3277152,1776486,1500666,54.21,1.4e-05,72765101.59,5.1e-05,1
29,571,415,615,4,2019492,1116164,903328,55.27,4.2e-05,45718477.48,8.1e-05,1
23,435,462,645,1,424370,287802,136568,67.82,0.000338,11788890.4,0.000313,0
14,549,529,688,8,1735339,978764,756575,56.4,2.2e-05,40090215.77,9.2e-05,0
45,473,577,618,1,771883,645297,126586,83.6,0.000308,26432004.1,0.000139,0
35,566,434,948,5,1926546,1101438,825108,57.17,5.1e-05,45115192.38,8.2e-05,0
16,526,498,547,1,338354,241670,96684,71.43,0.000322,9898816.89,0.000372,0
41,445,407,629,8,5467759,3030945,2436814,55.43,3.2e-05,124147679.77,3e-05,1
41,514,474,993,10,4019315,2499703,1519612,62.19,6.1e-05,102387851.06,3.6e-05,1
38,545,586,635,4,2495822,1490686,1005136,59.73,5.8e-05,61058593.2,6e-05,0
26,427,491,549,7,3184165,1960820,1223345,61.58,2.1e-05,80315481.04,4.6e-05,0
35,447,595,714,5,2498740,1443998,1054742,57.79,4e-05,59146489.66,6.2e-05,0
37,537,525,713,8,4130948,2418948,1712000,58.56,3.5e-05,99080232.94,3.7e-05,1
10,482,449,559,10,2065815,1078423,987392,52.2,1.9e-05,44172211.16,8.3e-05,1
30,409,548,1023,2,1229837,792123,437714,64.41,0.000127,32445529.07,0.000114,0
38,407,576,580,1,713886,572401,141485,80.18,0.00029,23445706.06,0.000157,0
21,439,435,514,7,3070960,1618918,1452042,52.72,2e-05,66310910.17,5.6e-05,1
44,494,459,570,5,4043639,2354784,1688855,58.23,4.6e-05,96452113.72,3.8e-05,1
41,446,510,610,9,6087962,3464812,2623150,56.91,2.2e-05,141919130.8,2.6e-05,1
22,560,560,639,1,420330,265414,154916,63.14,0.000307,10871394.26,0.000339,0
18,509,531,680,5,1503348,810733,692615,53.93,3.5e-05,33207827.91,0.000111,1
43,533,470,560,3,2376931,1440148,936783,60.59,7.6e-05,58988785.48,6.2e-05,0
29,575,552,987,4,1007981,712656,295325,70.7,6.6e-05,29190788.8,0.000126,0
32,501,505,950,9,3171322,1805394,1365928,56.93,3.1e-05,73949006.67,5e-05,1
15,423,456,902,7,1253227,663988,589239,52.98,3.3e-05,27196964.86,0.000136,1
31,425,549,913,1,394070,284314,109756,72.15,0.000393,11645511.57,0.000317,0
28,444,495,539,5,2842259,1570643,1271616,55.26,3.4e-05,64334034.84,5.7e-05,1
37,501,553,517,4,2951031,1734179,1216852,58.77,5.6e-05,71032408.69,5.2e-05,0
12,500,529,607,5,972579,625356,347223,64.3,4.4e-05,25614790.11,0.000144,0
6,560,553,817,10,731978,466678,265300,63.76,3.7e-05,19115238.35,0.000193,0
16,467,463,805,9,1944204,1066586,877618,54.86,2.1e-05,43687475.9,8.4e-05,1
42,582,551,952,4,1775497,1182061,593436,66.58,0.00011,48417465.96,7.6e-05,0
49,480,477,534,7,6292078,3777654,2514424,60.04,3.8e-05,154733528.59,2.4e-05,1
20,519,489,763,6,1787096,946412,840684,52.96,2.7e-05,38765254.29,9.5e-05,1
13,438,552,970,8,1133575,605633,527942,53.43,3.2e-05,24806843.03,0.000149,1
49,526,518,964,7,3474155,2214099,1260056,63.73,7.6e-05,90689804.57,4.1e-05,0
36,433,450,783,1,547429,395513,151916,72.25,0.000334,16200391.7,0.000228,0
24,507,490,718,5,1905502,1011412,894090,53.08,3.3e-05,41427719.47,8.9e-05,1
11,592,420,693,9,1499215,792369,706846,52.85,2.5e-05,32455532.76,0.000114,1
13,441,423,662,8,1677667,879763,797904,52.44,2.4e-05,36035241.31,0.000102,1
7,502,403,752,10,944233,506680,437553,53.66,3.6e-05,20753615.58,0.000178,1
28,558,440,941,10,2869424,1746333,1123091,60.86,2e-05,71530140.59,5.2e-05,0
37,584,434,871,4,1741907,1111065,630842,63.78,0.00011,45509808.11,8.1e-05,0
49,598,475,971,9,4069262,2849406,1219856,70.02,7.8e-05,116711815.02,3.2e-05,0
50,413,507,950,6,3208950,2086689,1122261,65.03,0.000103,85471406.19,4.3e-05,0
37,544,415,561,2,1406445,875465,530980,62.25,0.00012,35859803.4,0.000103,0
36,403,503,814,7,3314508,1834070,1480438,55.33,2.6e-05,75123818.11,4.9e-05,1
31,440,431,997,5,1672893,922488,750405,55.14,4.9e-05,37785254.41,9.8e-05,1
45,453,462,637,6,4350300,2537789,1812511,58.34,5e-05,103948220.32,3.5e-05,1
24,557,509,800,4,1331441,759375,572066,57.03,6.2e-05,31104000.0,0.000119,0
50,550,486,857,9,4894758,3275511,1619247,66.92,6.3e-05,134165603.03,2.7e-05,1
50,555,462,660,1,819647,918638,-98991,112.08,0.000403,37627416.41,9.8e-05,0
14,568,442,810,7,1279385,736593,542792,57.57,3e-05,30170903.8,0.000122,0
23,421,588,751,7,2152827,1226305,926522,56.96,2.6e-05,50229520.61,7.3e-05,0
43,493,556,855,7,3564434,2120019,1444415,59.48,5.6e-05,86836179.82,4.2e-05,1
9,441,519,981,3,209090,184960,24130,88.46,0.000184,7575966.22,0.000487,0
41,575,563,647,10,5311192,3785860,1525332,71.28,4.9e-05,155069142.87,2.4e-05,1
49,405,581,626,3,2350990,1556547,794443,66.21,0.000113,63756934.67,5.8e-05,0
14,566,465,831,2,390987,245095,145892,62.69,0.000191,10039359.75,0.000367,0
22,466,415,522,2,958029,562719,395310,58.74,9.7e-05,23049180.22,0.00016,0
41,510,594,711,5,2797074,1744076,1052998,62.35,5.7e-05,71437708.06,5.2e-05,0
15,431,524,898,2,390107,227938,162169,58.43,0.000205,9336565.96,0.000395,0
27,544,530,923,5,1387562,864854,522708,62.33,4.7e-05,35424426.74,0.000104,0
25,471,441,527,1,574849,337743,237106,58.75,0.000239,13834094.8,0.000266,0
50,469,517,981,5,2559876,1730109,829767,67.59,0.000118,70865746.95,5.2e-05,0
30,400,542,539,5,3061767,1681678,1380089,54.93,3.5e-05,68881819.08,5.4e-05,1
28,556,489,587,9,4595836,2509418,2086418,54.6,1.6e-05,102785855.27,3.6e-05,1
29,515,547,718,2,822082,539177,282905,65.59,0.000136,22084714.43,0.000167,0
49,552,465,618,5,4085875,2433044,1652831,59.55,6.4e-05,99657589.02,3.7e-05,1
11,571,581,682,5,799058,474634,324424,59.4,5.4e-05,19441009.88,0.00019,0
23,533,518,908,1,305936,200023,105913,65.38,0.000437,8193191.19,0.00045,0
18,474,465,633,9,2800215,1514514,1285701,54.09,1.8e-05,62034689.68,5.9e-05,1
45,414,518,600,3,2311028,1490189,820839,64.48,0.000114,61038141.44,6e-05,0
35,530,580,971,6,1980822,1314999,665823,66.39,6.2e-05,53863017.07,6.8e-05,0
43,542,569,1020,3,2457244,1578661,878583,64.25,8.4e-05,64662352.23,5.7e-05,0
33,537,403,966,6,2145070,1228469,916601,57.27,5.5e-05,50318184.49,7.3e-05,0
24,468,561,806,6,1958267,1072789,885478,54.78,2.9e-05,43941850.64,8.4e-05,1
37,560,503,898,10,4147601,2366240,1781361,57.05,2.6e-05,96921442.2,3.8e-05,1
30,568,538,604,4,2082869,1207927,874942,57.99,3.8e-05,49476863.58,7.5e-05,0
28,582,534,810,8,2921658,1637281,1284377,56.04,2.4e-05,67063073.35,5.5e-05,1
23,413,441,601,6,2431388,1323689,1107699,54.44,3e-05,54218640.67,6.8e-05,1
13,484,535,888,4,649319,355901,293418,54.81,8.1e-05,14577738.8,0.000253,1
16,474,591,757,9,2083388,1131791,951597,54.32,1.9e-05,46358220.31,8e-05,1
20,573,598,732,6,1619375,992130,627245,61.27,3.1e-05,40637680.15,9.1e-05,0
15,471,491,807,10,1975143,1031387,943756,52.22,1.8e-05,42245656.72,8.7e-05,1
16,438,493,924,10,1964201,1025685,938516,52.22,1.8e-05,42012123.73,8.8e-05,1
7,554,469,562,9,1138247,611867,526380,53.76,3.4e-05,25062083.88,0.000147,1
9,506,598,521,2,358296,248085,110211,69.24,0.000184,10161569.14,0.000363,0
6,484,430,926,1,103104,85316,17788,82.75,0.000954,3494548.83,0.001055,0
31,546,486,795,4,1629246,947634,681612,58.16,6.3e-05,38815539.36,9.5e-05,0
7,410,463,844,10,841462,451939,389523,53.71,3.8e-05,18511521.66,0.000199,1
8,462,508,715,4,551581,311895,239686,56.55,9.2e-05,12775227.5,0.000289,0
14,448,442,854,8,1512270,796751,715519,52.69,3e-05,32635028.98,0.000113,1
35,472,578,860,7,2732239,1667408,1064831,61.03,3.8e-05,68297529.76,5.4e-05,0
32,451,403,882,8,3049963,1746039,1303924,57.25,3.7e-05,71518254.49,5.2e-05,0
32,570,437,845,8,2694416,1886269,808147,70.01,4.9e-05,77262130.66,4.8e-05,0
50,450,472,855,8,4623953,3049507,1574446,65.95,9.3e-05,124907944.12,3e-05,1
35,457,432,592,5,3205283,1732464,1472819,54.05,3.6e-05,70962307.19,5.2e-05,1
10,442,409,910,10,1270196,668670,601526,52.64,2.6e-05,27388733.53,0.000135,1
23,410,406,858,8,2266663,1220652,1046011,53.85,2.5e-05,49997938.42,7.4e-05,1
9,455,516,532,8,1410200,751497,658703,53.29,3e-05,30781462.1,0.00012,1
39,514,520,794,4,2072953,1201835,871118,57.98,6.5e-05,49227198.52,7.5e-05,0
7,469,513,522,10,1352898,721380,631518,53.32,2.9e-05,29547747.2,0.000125,1
24,473,444,893,8,2358680,1279980,1078700,54.27,2.6e-05,52428377.16,7e-05,1
41,593,511,544,8,5510447,3520860,1989587,63.89,3.4e-05,144214527.99,2.6e-05,1
35,434,592,632,5,2805890,1634096,1171794,58.24,4e-05,66932666.8,5.5e-05,0
32,484,567,548,7,4521209,2393083,2128126,52.93,1.6e-05,98020888.18,3.8e-05,1
22,579,426,1021,2,998799,549898,448901,55.06,0.000101,22524017.36,0.000164,1
28,401,554,523,1,624739,412557,212182,66.04,0.00024,16898693.88,0.000218,0
42,467,427,794,5,2644240,1755098,889142,66.37,0.000103,71888854.42,5.1e-05,0
48,444,493,783,6,3758820,2386955,1371865,63.5,8.9e-05,97769776.08,3.8e-05,1
20,426,526,958,8,1876119,1000339,875780,53.32,2.8e-05,40974157.92,9e-05,1
37,410,494,579,1,732705,481743,250962,65.75,0.000246,19732235.7,0.000187,0
25,415,454,731,6,2144046,1183397,960649,55.19,2.9e-05,48471957.26,7.6e-05,1
9,539,574,993,6,509623,318398,191225,62.48,6.6e-05,13041589.55,0.000283,0
41,470,437,661,7,4422062,2558361,1863701,57.85,4e-05,104790970.9,3.5e-05,1
44,493,561,613,3,2180508,1391852,788656,63.83,8.4e-05,57010257.95,6.5e-05,0
23,420,480,744,8,2601612,1412328,1189284,54.29,2.6e-05,57849259.75,6.4e-05,1
27,549,461,1007,1,583704,358810,224894,61.47,0.000255,14697070.69,0.000251,0
44,527,585,656,1,710077,726212,-16135,102.27,0.000367,29745674.35,0.000124,0
32,586,468,799,8,3179829,1938643,1241186,60.97,4.1e-05,79407181.53,4.6e-05,0
6,479,530,878,7,574575,320176,254399,55.72,6.3e-05,13114469.23,0.000281,1
30,482,596,754,7,2720253,1679698,1040555,61.75,3.7e-05,68800988.45,5.4e-05,0
34,534,430,873,10,3975543,2297306,1678237,57.79,2.5e-05,94098273.87,3.9e-05,1
38,445,481,815,3,1482008,933245,548763,62.97,0.000109,38225741.32,9.6e-05,0
41,499,502,840,9,4459216,2579811,1879405,57.85,4e-05,105669595.71,3.5e-05,1
10,442,401,727,2,356135,213823,142312,60.04,0.000212,8758214.87,0.000421,0
34,529,411,849,10,4227325,2368356,1858969,56.02,2.7e-05,97008386.96,3.8e-05,1
19,427,409,930,10,2128403,1146508,981895,53.87,2e-05,46961215.17,7.8e-05,1
27,428,460,869,5,1605711,927747,677964,57.78,5.3e-05,38000573.75,9.7e-05,0
45,412,485,601,7,5315010,3157118,2157892,59.4,5.5e-05,129316066.29,2.9e-05,1
23,446,552,550,4,1724182,980097,744085,56.84,3.6e-05,40144843.37,9.2e-05,0
10,490,488,1005,1,263008,161565,101443,61.43,0.000509,6617716.63,0.000557,0
29,411,536,524,7,4104202,2204926,1899276,53.72,1.9e-05,90313886.75,4.1e-05,1
12,450,453,776,3,537113,320851,216262,59.74,0.000114,13142069.43,0.000281,0
19,516,515,628,1,376414,230406,146008,61.21,0.000347,9437433.44,0.000391,0
43,532,558,844,2,1001530,823406,178124,82.21,0.000238,33727450.16,0.000109,0
22,542,444,842,6,1709652,954186,755466,55.81,3.8e-05,39083567.6,9.4e-05,1
36,444,531,579,8,5181941,2937318,2244623,56.68,2.5e-05,120312803.95,3.1e-05,1
6,470,531,620,3,379646,229585,150061,60.47,0.000151,9403813.44,0.000392,0
17,410,511,656,9,2489926,1302172,1187754,52.3,1.7e-05,53337111.09,6.9e-05,1
39,466,581,567,10,7024947,3907098,3117849,55.62,1.7e-05,160035201.06,2.3e-05,1
23,430,489,535,4,1860760,1015253,845507,54.56,4.1e-05,41584819.02,8.9e-05,1
39,597,575,908,10,3906687,2460338,1446349,62.98,2.3e-05,100775915.91,3.7e-05,1
14,523,406,736,6,1222412,704976,517436,57.67,3.7e-05,28876080.79,0.000128,0
6,578,434,723,7,700540,385292,315248,55.0,5.4e-05,15781577.48,0.000234,1
25,512,566,908,10,2400031,1550899,849132,64.62,1.7e-05,63525120.21,5.8e-05,0
9,458,419,905,7,348638,350140,-1502,100.43,4e-06,14341819.63,0.000257,0
20,428,491,1011,8,3360794,1845502,1515292,54.91,1.6e-05,75592332.64,4.9e-05,1
21,552,477,881,2,534385,320466,213919,59.97,0.000168,13126358.11,0.000281,0
22,524,434,941,2,494172,326894,167278,66.15,0.000172,13389944.45,0.000275,0
26,533,509,528,4,2220832,1198360,1022472,53.96,3.4e-05,49084858.88,7.5e-05,1
23,598,402,990,7,1694636,938972,755664,55.41,3.4e-05,38460481.3,9.6e-05,1
30,461,544,518,6,3874831,2050621,1824210,52.92,1.9e-05,83993925.84,4.4e-05,1
48,565,523,545,6,5281341,3266526,2014815,61.85,5.6e-05,133797076.67,2.8e-05,1
47,404,467,623,1,839784,713282,126502,84.94,0.000338,29217001.46,0.000126,0
35,515,577,518,8,5478739,3086398,2392341,56.33,2.1e-05,126418944.25,2.9e-05,1
44,413,482,599,1,834145,663047,171098,79.49,0.000308,27158791.59,0.000136,0
48,434,473,884,1,605796,712570,-106774,117.63,0.000459,29187364.26,0.000126,0
39,436,421,829,10,4833883,2714782,2119101,56.16,2.9e-05,111197936.64,3.3e-05,1
17,469,553,764,1,276461,182557,93904,66.03,0.000454,7477590.78,0.000493,0
37,477,438,845,5,2264566,1344008,920558,59.35,6.9e-05,55050589.15,6.7e-05,0
49,487,567,910,4,2125637,1493176,632461,70.25,0.000143,61161085.28,6e-05,0
25,423,541,554,1,528082,334665,193417,63.37,0.000263,13707964.39,0.000269,0
42,563,409,803,3,1594738,1099268,495470,68.93,0.000137,45026862.13,8.2e-05,0
13,503,549,794,1,194460,141549,52911,72.79,0.000571,5798127.61,0.000636,0
24,444,438,593,7,2983285,1685109,1298176,56.49,2.3e-05,69022199.63,5.3e-05,0
10,528,403,883,8,873149,562182,310967,64.39,3.6e-05,23027020.77,0.00016,0
36,470,490,786,1,545538,385760,159778,70.71,0.00033,15801540.2,0.000233,0
9,555,420,907,2,189021,149401,39620,79.04,0.000306,6119475.91,0.000602,0
44,561,513,735,9,5679310,3153937,2525373,55.53,2e-05,129185313.35,2.9e-05,1
50,466,500,996,9,4517863,2733826,1784037,60.51,4.5e-05,111977554.56,3.3e-05,1
22,403,429,717,8,2747991,1453653,1294338,52.9,2e-05,59541632.24,6.2e-05,1
30,542,493,758,10,4224946,2319866,1905080,54.91,1.9e-05,95022198.44,3.9e-05,1
26,429,532,636,6,2758756,1461475,1297281,52.98,2.4e-05,59862039.35,6.2e-05,1
16,515,501,574,9,2345374,1484004,861370,63.27,1.5e-05,60784916.6,6.1e-05,0
45,531,510,642,6,4404439,2488696,1915743,56.5,4.2e-05,101936993.77,3.6e-05,1
46,563,476,762,4,2476793,1540112,936681,62.18,7.6e-05,63083085.3,5.8e-05,0
48,581,497,877,5,2653223,1885571,767652,71.07,0.000119,77233088.72,4.8e-05,0
25,456,578,972,10,2712834,1455920,1256914,53.67,2.1e-05,59634486.4,6.2e-05,1
48,579,532,553,2,1792649,1230538,562111,68.64,0.000142,50403003.31,7.3e-05,0
11,527,576,828,1,150976,122464,28512,81.11,0.000663,5016266.67,0.000735,0
13,541,468,864,3,508377,287487,220890,56.55,0.00012,11775475.14,0.000313,0
11,581,536,799,10,1307979,760083,547896,58.11,2.4e-05,31132999.93,0.000118,0
34,463,505,891,5,1965211,1184588,780623,60.28,5.8e-05,48520928.95,7.6e-05,0
38,436,401,785,3,1588384,958416,629968,60.34,0.0001,39257227.74,9.4e-05,0
19,528,516,817,8,2003218,1048731,954487,52.35,2e-05,42956052.69,8.6e-05,1
42,597,498,764,7,3703356,2378489,1324867,64.23,5.5e-05,97423664.47,3.8e-05,1
15,486,488,964,5,844711,459132,385579,54.35,5.7e-05,18806073.71,0.000196,1
23,416,480,916,7,1876570,1014596,861974,54.07,3.4e-05,41558109.64,8.9e-05,1
6,516,501,705,2,207818,156153,51665,75.14,0.000292,6396186.46,0.000576,0
37,490,500,1000,4,1474565,956831,517734,64.89,0.000104,39191797.76,9.4e-05,0
31,499,474,868,2,778201,483391,294810,62.12,0.000154,19799966.86,0.000186,0
8,450,420,880,9,959018,511287,447731,53.31,3.5e-05,20942444.32,0.000176,1
10,450,568,634,4,699092,420686,278406,60.18,7e-05,17231494.83,0.000214,0
44,502,595,788,2,1152973,925766,227207,80.29,0.000226,37919378.99,9.7e-05,0
25,498,466,859,6,1835785,1016881,818904,55.39,3.7e-05,41651573.19,8.9e-05,1
33,527,551,797,4,1621298,1026858,594440,63.34,7.5e-05,42060300.88,8.8e-05,0
42,523,560,730,7,3940105,2421133,1518972,61.45,3.7e-05,99169677.11,3.7e-05,1
20,541,450,635,5,1722045,957449,764596,55.6,3.2e-05,39217371.05,9.4e-05,1
21,523,524,833,2,549978,338456,211522,61.54,0.000163,13863525.84,0.000266,0
41,463,571,659,1,670065,531017,139048,79.25,0.000304,21750818.04,0.000169,0
43,406,545,769,10,5860931,3247240,2613691,55.4,3.2e-05,133007643.9,2.8e-05,1
20,519,554,768,1,331455,209657,121798,63.25,0.000396,8587779.41,0.000429,0
37,553,542,636,9,5231068,2989363,2241705,57.15,2.1e-05,122444356.23,3e-05,1
32,516,576,942,1,394278,270368,123910,68.57,0.000365,11074786.02,0.000333,0
28,586,549,913,9,2648594,1636456,1012138,61.79,2.6e-05,67029247.29,5.5e-05,0
39,493,573,849,6,2740251,1646355,1093896,60.08,5.1e-05,67434867.97,5.5e-05,0
31,456,549,772,9,3715495,2072318,1643177,55.78,2.7e-05,84882619.02,4.3e-05,1
10,572,580,940,9,1005917,587099,418818,58.36,3e-05,24047705.77,0.000153,0
20,529,433,900,6,1497588,808575,689013,53.99,3.4e-05,33119232.0,0.000111,1
50,460,570,633,1,846078,807073,39005,95.39,0.000346,33058299.89,0.000112,0
7,480,455,841,5,442839,253621,189218,57.27,9.6e-05,10388405.98,0.000355,0
20,441,560,726,3,950428,533572,416856,56.14,7.6e-05,21855121.58,0.000169,0
38,442,593,788,5,2184179,1522241,661938,69.69,6.8e-05,62351144.06,5.9e-05,0
40,415,420,798,2,1073730,771650,302080,71.87,0.000198,31607269.17,0.000117,0
25,485,523,608,1,489725,303933,185792,62.06,0.000283,12449250.41,0.000296,0
31,578,515,910,5,1859670,993926,865744,53.45,3.5e-05,40711309.52,9.1e-05,1
21,471,568,892,6,1481475,818594,662881,55.26,3.7e-05,33529707.92,0.00011,1
48,574,554,954,5,2351263,1666775,684488,70.89,0.0001,68271362.2,5.4e-05,0
8,478,441,626,9,1342954,713111,629843,53.1,2.8e-05,29209054.05,0.000126,1
25,556,473,541,6,2868522,1582959,1285563,55.18,2.1e-05,64838131.04,5.7e-05,1
35,416,531,805,8,3590529,1998382,1592147,55.66,2.5e-05,81853865.87,4.5e-05,1
42,573,558,731,7,3977190,2410153,1567037,60.6,3.5e-05,98719956.15,3.7e-05,1
25,481,550,817,10,3135217,1738172,1397045,55.44,2.4e-05,71195925.38,5.2e-05,1
32,423,520,960,10,3632006,1972461,1659545,54.31,2.7e-05,80792292.6,4.6e-05,1
50,419,598,650,7,5198064,3322909,1875155,63.93,5.5e-05,136107174.14,2.7e-05,1
43,595,456,938,2,953759,700049,253710,73.4,0.000211,28674222.38,0.000129,0
41,489,409,999,6,2544832,1538000,1006832,60.44,8.3e-05,62996576.62,5.9e-05,0
19,529,539,745,5,1352728,746039,606689,55.15,4.2e-05,30557879.37,0.000121,1
13,452,441,517,5,1357586,730311,627275,53.79,3.9e-05,29913722.53,0.000123,1
29,595,500,674,7,2860539,1730514,1130025,60.5,2.6e-05,70882016.32,5.2e-05,0
19,483,466,842,8,1865412,1030283,835129,55.23,3e-05,42200509.42,8.7e-05,1
24,553,465,835,6,1769345,1045206,724139,59.07,3.6e-05,42811781.18,8.6e-05,0
12,550,593,916,7,813736,565382,248354,69.48,3.6e-05,23158048.98,0.000159,0
49,493,413,522,8,7468814,4433877,3034937,59.37,4.1e-05,181611755.22,2e-05,1
31,568,413,691,5,2342924,1321187,1021737,56.39,4e-05,54116262.3,6.8e-05,0
9,401,415,708,9,1191627,632598,559029,53.09,3.1e-05,25911265.97,0.000142,1
24,537,412,696,2,786908,463575,323333,58.91,0.000118,18988337.14,0.000194,0
17,540,465,558,5,1543111,881235,661876,57.11,3.3e-05,36095435.03,0.000102,0
24,409,571,905,7,1872792,1122401,750391,59.93,3.6e-05,45973806.68,8e-05,0
9,565,439,840,2,202492,159687,42805,78.86,0.000284,6540934.87,0.000564,0
19,482,559,992,7,1224790,766262,458528,62.56,3.1e-05,31386112.37,0.000117,0
47,432,471,986,6,2807629,1868475,939154,66.55,0.000108,76533137.29,4.8e-05,0
25,598,572,606,5,2027618,1193021,834597,58.84,2.9e-05,48866498.55,7.5e-05,0
42,438,524,975,8,3492577,2168922,1323655,62.1,7.1e-05,88839298.66,4.1e-05,1
28,414,520,904,4,1381846,776015,605831,56.16,6.2e-05,31786003.83,0.000116,0
47,434,492,786,3,1864160,1247662,616498,66.93,0.000146,51105072.8,7.2e-05,0
20,457,554,956,1,263456,177764,85692,67.47,0.000489,7281647.35,0.000506,0
25,503,533,821,2,674051,401923,272128,59.63,0.000144,16462813.47,0.000224,0
19,458,491,976,4,807253,466818,340435,57.83,6.6e-05,19121068.54,0.000193,0
8,510,407,858,4,408392,261114,147278,63.94,0.000105,10695328.16,0.000345,0
14,570,537,884,9,1186808,854015,332793,71.96,2.3e-05,34980500.38,0.000105,0
45,435,419,593,4,3179729,1882265,1297464,59.2,7.1e-05,77097855.81,4.8e-05,0
46,405,483,813,4,2406093,1522874,883219,63.29,0.000112,62377464.84,5.9e-05,0
29,432,446,821,6,2201063,1256919,944144,57.11,4.8e-05,51483845.17,7.2e-05,0
21,486,438,733,6,1823904,993372,830532,54.46,3.3e-05,40688631.18,9.1e-05,1
16,421,594,661,1,306635,202048,104587,65.89,0.000395,8275927.66,0.000445,0
17,471,582,566,5,1537770,868646,669124,56.49,3.3e-05,35579932.79,0.000104,0
23,574,473,571,6,2447692,1384636,1063056,56.57,2.5e-05,56714961.47,6.5e-05,0
20,553,437,786,8,2293247,1209921,1083326,52.76,2.2e-05,49558669.94,7.4e-05,1
39,527,557,713,3,1520550,1107478,413072,72.83,0.000125,45362307.61,8.1e-05,0
27,531,404,773,6,2228948,1218771,1010177,54.68,3.5e-05,49920910.25,7.4e-05,1
34,474,598,1013,3,2139550,1225078,914472,57.26,5.1e-05,50180375.96,7.3e-05,0
7,534,483,1011,8,1106467,581490,524977,52.55,3.2e-05,23818010.23,0.000155,1
8,445,437,935,9,901518,482331,419187,53.5,3.7e-05,19756399.26,0.000187,1
49,423,509,544,10,9224621,5175079,4049542,56.1,2.3e-05,211971616.96,1.7e-05,1
28,475,493,549,1,619398,388735,230663,62.76,0.000242,15923143.39,0.000232,0
47,551,445,713,6,3812481,2472681,1339800,64.86,7.8e-05,101281380.06,3.6e-05,1
33,587,586,902,9,3098508,1891183,1207325,61.04,2.6e-05,77463180.59,4.8e-05,0
19,453,519,645,2,669258,386245,283013,57.71,0.00013,15820885.51,0.000233,0
40,551,471,614,6,4153826,2356766,1797060,56.74,3.8e-05,96533785.68,3.8e-05,1
16,522,594,823,7,1281449,820956,460493,64.06,2.7e-05,33626511.53,0.00011,0
10,441,566,726,7,1046371,602886,443485,57.62,3.8e-05,24694219.63,0.000149,0
41,544,549,964,2,856881,649723,207158,75.82,0.000216,26612902.91,0.000139,0
24,598,541,916,10,2566391,1538432,1027959,59.95,1.8e-05,63014433.21,5.9e-05,0
40,442,553,558,5,3631978,2238287,1393691,61.63,6.1e-05,91680582.26,4e-05,1
46,510,530,575,3,2384717,1649755,734962,69.18,0.00012,67573988.81,5.5e-05,0
48,581,531,704,1,726887,765035,-38148,105.25,0.000374,31336026.32,0.000118,0
45,404,488,749,4,2514297,1504701,1009596,59.85,7.9e-05,61632636.16,6e-05,0
22,406,531,844,4,1159005,660629,498376,57.0,6.6e-05,27059601.69,0.000136,0
49,554,408,757,3,1890913,1389295,501618,73.47,0.00016,56905603.3,6.5e-05,0
16,416,512,630,2,621234,355665,265569,57.25,0.000134,14568139.65,0.000253,0
46,507,548,986,1,524057,522155,1902,99.64,0.000426,21387492.58,0.000172,0
12,464,592,876,8,1250441,669309,581132,53.53,3e-05,27415064.15,0.000134,1
17,498,588,860,7,1405382,787305,618077,56.02,2.8e-05,32248247.98,0.000114,1
12,478,507,660,3,632636,373401,259235,59.02,9.7e-05,15294599.02,0.000241,0
33,498,544,900,3,1173811,697167,476644,59.39,9.5e-05,28555960.32,0.000129,0
34,427,534,742,4,1932531,1180708,751823,61.1,8.1e-05,48362433.71,7.6e-05,0
46,410,491,865,7,3792143,2378406,1413737,62.72,8.1e-05,97419524.57,3.8e-05,1
37,463,550,991,9,3387279,1954849,1432430,57.71,3.5e-05,80070965.84,4.6e-05,1
7,595,426,732,10,661160,518994,142166,78.5,3.5e-05,21258008.91,0.000173,0
37,583,499,616,4,2504866,1440487,1064379,57.51,4.9e-05,59002348.72,6.2e-05,0
19,566,472,558,1,406027,256307,149720,63.13,0.000307,10498468.16,0.000351,0
44,548,447,842,7,3745999,2295466,1450533,61.28,6.9e-05,94022549.68,3.9e-05,1
14,527,458,521,8,2130649,1286080,844569,60.36,1.8e-05,52678021.7,7e-05,0
15,562,434,670,3,740993,416979,324014,56.27,8.5e-05,17079496.56,0.000216,0
34,510,588,555,10,6098872,3573129,2525743,58.59,1.7e-05,146355783.88,2.5e-05,1
46,564,503,745,10,6271121,3693787,2577334,58.9,3.5e-05,151298119.2,2.4e-05,1
34,579,522,889,8,3008358,1852291,1156067,61.57,4.1e-05,75870053.31,4.9e-05,0
14,405,415,675,2,517564,297740,219824,57.53,0.000157,12195537.11,0.000302,0
48,464,519,1022,3,2940352,1894264,1046088,64.42,0.000114,77589059.62,4.8e-05,0
14,401,555,876,4,755938,412081,343857,54.51,6.9e-05,16879088.75,0.000218,1
25,427,531,712,8,3023517,1588013,1435504,52.52,1.8e-05,65045225.18,5.7e-05,1
15,474,449,851,7,1325794,701966,623828,52.95,3e-05,28752573.41,0.000128,1
43,506,593,981,10,4332057,2613468,1718589,60.33,5e-05,107048156.37,3.4e-05,1
15,475,557,921,1,186954,137915,49039,73.77,0.000605,5649247.32,0.000653,0
48,497,536,600,5,4152828,2529045,1623783,60.9,7.2e-05,103590651.77,3.6e-05,1
38,465,578,601,7,4659277,2636189,2023088,56.58,3e-05,107978729.81,3.4e-05,1
50,477,568,793,2,1234697,1113737,120960,90.2,0.000253,45618890.18,8.1e-05,0
46,477,556,605,3,2325799,1505547,820252,64.73,9.6e-05,61667313.04,6e-05,0
19,425,502,816,8,1940052,1059773,880279,54.63,2.8e-05,43408332.9,8.5e-05,1
41,403,583,780,7,3691044,2182487,1508557,59.13,4.6e-05,89394967.06,4.1e-05,1
30,421,460,917,6,2095897,1201012,894885,57.3,4.7e-05,49193560.83,7.5e-05,0
47,447,456,529,9,8019709,4690705,3329004,58.49,3.8e-05,192132010.96,1.9e-05,1
43,521,432,867,5,2504841,1600628,904213,63.9,0.000102,65561734.17,5.6e-05,0
7,521,508,911,5,410513,235051,175462,57.26,0.000103,9627733.54,0.000383,0
26,420,495,884,2,664455,405752,258703,61.07,0.000153,16619603.43,0.000222,0
44,556,576,766,4,2272721,1511364,761357,66.5,9.5e-05,61905610.7,6e-05,0
